Patient_ID,Amplification_5q31.3,Amplification_5q35.3,Deletion_3p21.1,Deletion_6p22.2,Deletion_6p21.32,Deletion_6p12.1,Deletion_9p21.3,Deletion_9q34.3,Deletion_10q23.31,Deletion_10q26.3,Deletion_14q32.33,ARID1A,ATM,BAP1,COL9A3,KDM5C,MTOR,NF2,PBRM1,PCK1,PIK3CA,PTEN,S100B,SETD2,SMARCA4,TCEB1,TP53,TRMT2B,TSC1,USP32,VHL,WNT8A,ZNF800
G138701_RCCBMS-00020-T_v1_RNA_OnPrem,NO_IF,NO_IF,NO_IF,NO_IF,NO_IF,NO_IF,NO_IF,NO_IF,NO_IF,NO_IF,NO_IF,NO_IF,NO_IF,NO_IF,NO_IF,NO_IF,NO_IF,NO_IF,NO_IF,NO_IF,NO_IF,NO_IF,NO_IF,NO_IF,NO_IF,NO_IF,NO_IF,NO_IF,NO_IF,NO_IF,NO_IF,NO_IF,NO_IF
G138701_RCCBMS-00097-T_v1_RNA_OnPrem,MUT,MUT,MUT,MUT,WT,WT,MUT,MUT,WT,WT,MUT,WT,WT,WT,WT,WT,WT,WT,MUT,WT,WT,WT,WT,WT,WT,WT,WT,WT,WT,WT,WT,WT,WT
G138701_RCCBMS-00141-T_v1_RNA_OnPrem,MUT,MUT,MUT,WT,WT,WT,WT,WT,WT,WT,WT,WT,WT,WT,WT,WT,WT,WT,WT,WT,WT,WT,WT,WT,WT,WT,WT,WT,WT,WT,MUT,WT,WT
G138701_RCCBMS-00099-T_v1_RNA_OnPrem,NO_IF,NO_IF,NO_IF,NO_IF,NO_IF,NO_IF,NO_IF,NO_IF,NO_IF,NO_IF,NO_IF,NO_IF,NO_IF,NO_IF,NO_IF,NO_IF,NO_IF,NO_IF,NO_IF,NO_IF,NO_IF,NO_IF,NO_IF,NO_IF,NO_IF,NO_IF,NO_IF,NO_IF,NO_IF,NO_IF,NO_IF,NO_IF,NO_IF
G138701_RCCBMS-00163-T_v1_RNA_OnPrem,WT,WT,MUT,WT,WT,WT,MUT,MUT,MUT,MUT,WT,WT,WT,WT,WT,WT,WT,WT,WT,WT,WT,WT,WT,WT,WT,WT,WT,WT,WT,WT,WT,WT,WT
G138701_RCCBMS-00053-T_v1_RNA_OnPrem,NO_IF,NO_IF,NO_IF,NO_IF,NO_IF,NO_IF,NO_IF,NO_IF,NO_IF,NO_IF,NO_IF,NO_IF,NO_IF,NO_IF,NO_IF,NO_IF,NO_IF,NO_IF,NO_IF,NO_IF,NO_IF,NO_IF,NO_IF,NO_IF,NO_IF,NO_IF,NO_IF,NO_IF,NO_IF,NO_IF,NO_IF,NO_IF,NO_IF
G138701_RCCBMS-00116-T_v1_RNA_OnPrem,NO_IF,NO_IF,NO_IF,NO_IF,NO_IF,NO_IF,NO_IF,NO_IF,NO_IF,NO_IF,NO_IF,NO_IF,NO_IF,NO_IF,NO_IF,NO_IF,NO_IF,NO_IF,NO_IF,NO_IF,NO_IF,NO_IF,NO_IF,NO_IF,NO_IF,NO_IF,NO_IF,NO_IF,NO_IF,NO_IF,NO_IF,NO_IF,NO_IF
G138701_RCCBMS-00136-T_v1_RNA_OnPrem,MUT,MUT,MUT,WT,WT,WT,WT,WT,WT,WT,MUT,WT,WT,WT,WT,WT,WT,WT,MUT,WT,WT,WT,WT,MUT,WT,WT,MUT,WT,WT,WT,MUT,WT,WT
G138701_RCCBMS-00057-T_v1_RNA_OnPrem,NO_IF,NO_IF,NO_IF,NO_IF,NO_IF,NO_IF,NO_IF,NO_IF,NO_IF,NO_IF,NO_IF,NO_IF,NO_IF,NO_IF,NO_IF,NO_IF,NO_IF,NO_IF,NO_IF,NO_IF,NO_IF,NO_IF,NO_IF,NO_IF,NO_IF,NO_IF,NO_IF,NO_IF,NO_IF,NO_IF,NO_IF,NO_IF,NO_IF
G109543_RCCBMS-00007-T_v1_RNA_OnPrem,NO_IF,NO_IF,NO_IF,NO_IF,NO_IF,NO_IF,NO_IF,NO_IF,NO_IF,NO_IF,NO_IF,NO_IF,NO_IF,NO_IF,NO_IF,NO_IF,NO_IF,NO_IF,NO_IF,NO_IF,NO_IF,NO_IF,NO_IF,NO_IF,NO_IF,NO_IF,NO_IF,NO_IF,NO_IF,NO_IF,NO_IF,NO_IF,NO_IF
G138701_RCCBMS-00008-T_v1_RNA_OnPrem,NO_IF,NO_IF,NO_IF,NO_IF,NO_IF,NO_IF,NO_IF,NO_IF,NO_IF,NO_IF,NO_IF,NO_IF,NO_IF,NO_IF,NO_IF,NO_IF,NO_IF,NO_IF,NO_IF,NO_IF,NO_IF,NO_IF,NO_IF,NO_IF,NO_IF,NO_IF,NO_IF,NO_IF,NO_IF,NO_IF,NO_IF,NO_IF,NO_IF
G138701_RCCBMS-00065-T_v1_RNA_OnPrem,NO_IF,NO_IF,NO_IF,NO_IF,NO_IF,NO_IF,NO_IF,NO_IF,NO_IF,NO_IF,NO_IF,NO_IF,NO_IF,NO_IF,NO_IF,NO_IF,NO_IF,NO_IF,NO_IF,NO_IF,NO_IF,NO_IF,NO_IF,NO_IF,NO_IF,NO_IF,NO_IF,NO_IF,NO_IF,NO_IF,NO_IF,NO_IF,NO_IF
G138701_RCCBMS-00110-T_v1_RNA_OnPrem,NO_IF,NO_IF,NO_IF,NO_IF,NO_IF,NO_IF,NO_IF,NO_IF,NO_IF,NO_IF,NO_IF,NO_IF,NO_IF,NO_IF,NO_IF,NO_IF,NO_IF,NO_IF,NO_IF,NO_IF,NO_IF,NO_IF,NO_IF,NO_IF,NO_IF,NO_IF,NO_IF,NO_IF,NO_IF,NO_IF,NO_IF,NO_IF,NO_IF
G138701_RCCBMS-00111-T_v1_RNA_OnPrem,NO_IF,NO_IF,NO_IF,NO_IF,NO_IF,NO_IF,NO_IF,NO_IF,NO_IF,NO_IF,NO_IF,NO_IF,NO_IF,NO_IF,NO_IF,NO_IF,NO_IF,NO_IF,NO_IF,NO_IF,NO_IF,NO_IF,NO_IF,NO_IF,NO_IF,NO_IF,NO_IF,NO_IF,NO_IF,NO_IF,NO_IF,NO_IF,NO_IF
G109543_RCCBMS-00147-T_v1_RNA_OnPrem,MUT,WT,MUT,WT,WT,WT,MUT,MUT,WT,WT,MUT,WT,WT,WT,WT,WT,WT,WT,WT,WT,WT,WT,WT,WT,WT,WT,WT,WT,WT,WT,MUT,WT,WT
G138701_RCCBMS-00044-T_v1_RNA_OnPrem,WT,WT,MUT,MUT,MUT,MUT,MUT,WT,MUT,MUT,WT,WT,WT,WT,WT,WT,WT,WT,WT,WT,WT,WT,WT,WT,WT,WT,WT,WT,WT,WT,WT,WT,WT
G138701_RCCBMS-00084-T_v1_RNA_OnPrem,NO_IF,NO_IF,NO_IF,NO_IF,NO_IF,NO_IF,NO_IF,NO_IF,NO_IF,NO_IF,NO_IF,WT,WT,WT,WT,WT,WT,WT,WT,WT,WT,WT,WT,WT,WT,WT,WT,WT,WT,WT,WT,WT,WT
G138701_RCCBMS-00093-T_v1_RNA_OnPrem,MUT,MUT,MUT,MUT,MUT,MUT,WT,WT,WT,WT,WT,WT,WT,WT,WT,WT,WT,WT,WT,WT,WT,WT,WT,WT,WT,WT,WT,WT,WT,WT,WT,WT,WT
G138701_RCCBMS-00154-T_v1_RNA_OnPrem,MUT,MUT,MUT,MUT,MUT,MUT,WT,WT,MUT,MUT,WT,WT,WT,WT,WT,MUT,WT,WT,MUT,WT,WT,WT,WT,MUT,WT,WT,WT,WT,WT,WT,WT,WT,WT
G138701_RCCBMS-00194-T_v1_RNA_OnPrem,NO_IF,NO_IF,NO_IF,NO_IF,NO_IF,NO_IF,NO_IF,NO_IF,NO_IF,NO_IF,NO_IF,NO_IF,NO_IF,NO_IF,NO_IF,NO_IF,NO_IF,NO_IF,NO_IF,NO_IF,NO_IF,NO_IF,NO_IF,NO_IF,NO_IF,NO_IF,NO_IF,NO_IF,NO_IF,NO_IF,NO_IF,NO_IF,NO_IF
G138701_RCCBMS-00028-T_v1_RNA_OnPrem,WT,WT,MUT,MUT,MUT,MUT,MUT,MUT,WT,WT,WT,WT,WT,MUT,WT,WT,WT,MUT,WT,WT,WT,WT,WT,WT,WT,WT,WT,WT,WT,WT,MUT,WT,WT
G138701_RCCBMS-00047-T_v1_RNA_OnPrem,NO_IF,NO_IF,NO_IF,NO_IF,NO_IF,NO_IF,NO_IF,NO_IF,NO_IF,NO_IF,NO_IF,NO_IF,NO_IF,NO_IF,NO_IF,NO_IF,NO_IF,NO_IF,NO_IF,NO_IF,NO_IF,NO_IF,NO_IF,NO_IF,NO_IF,NO_IF,NO_IF,NO_IF,NO_IF,NO_IF,NO_IF,NO_IF,NO_IF
G138701_RCCBMS-00178-T_v1_RNA_OnPrem,MUT,MUT,MUT,MUT,MUT,MUT,MUT,MUT,MUT,MUT,MUT,WT,WT,WT,WT,MUT,WT,WT,WT,WT,WT,WT,WT,WT,WT,WT,WT,WT,WT,WT,WT,WT,WT
G138701_RCCBMS-00068-T_v1_RNA_OnPrem,MUT,MUT,MUT,MUT,MUT,MUT,MUT,WT,WT,WT,WT,WT,WT,WT,WT,WT,WT,WT,MUT,WT,WT,WT,WT,WT,WT,WT,WT,WT,WT,WT,WT,WT,WT
G138701_RCCBMS-00072-T_v1_RNA_OnPrem,NO_IF,NO_IF,NO_IF,NO_IF,NO_IF,NO_IF,NO_IF,NO_IF,NO_IF,NO_IF,NO_IF,NO_IF,NO_IF,NO_IF,NO_IF,NO_IF,NO_IF,NO_IF,NO_IF,NO_IF,NO_IF,NO_IF,NO_IF,NO_IF,NO_IF,NO_IF,NO_IF,NO_IF,NO_IF,NO_IF,NO_IF,NO_IF,NO_IF
G138701_RCCBMS-00035-T_v1_RNA_OnPrem,MUT,MUT,MUT,MUT,MUT,WT,WT,WT,WT,WT,WT,WT,WT,WT,WT,WT,WT,WT,WT,WT,WT,WT,WT,WT,WT,WT,WT,WT,WT,WT,WT,WT,WT
G109543_RCCBMS-00114-T_v1_RNA_OnPrem,MUT,MUT,MUT,MUT,MUT,MUT,MUT,MUT,WT,WT,MUT,WT,WT,WT,WT,WT,WT,WT,WT,WT,WT,WT,WT,WT,WT,WT,WT,WT,WT,WT,WT,WT,WT
G138701_RCCBMS-00125-T_v1_RNA_OnPrem,MUT,MUT,MUT,WT,WT,WT,WT,WT,MUT,MUT,WT,WT,WT,WT,WT,WT,WT,WT,MUT,WT,WT,WT,WT,MUT,WT,WT,WT,WT,WT,WT,WT,WT,WT
G138701_RCCBMS-00165-T_v1_RNA_OnPrem,NO_IF,NO_IF,NO_IF,NO_IF,NO_IF,NO_IF,NO_IF,NO_IF,NO_IF,NO_IF,NO_IF,NO_IF,NO_IF,NO_IF,NO_IF,NO_IF,NO_IF,NO_IF,NO_IF,NO_IF,NO_IF,NO_IF,NO_IF,NO_IF,NO_IF,NO_IF,NO_IF,NO_IF,NO_IF,NO_IF,NO_IF,NO_IF,NO_IF
G138701_RCCBMS-00092-T_v1_RNA_OnPrem,MUT,MUT,MUT,MUT,WT,WT,MUT,MUT,WT,WT,MUT,WT,WT,WT,WT,WT,WT,WT,WT,WT,WT,WT,WT,WT,WT,WT,WT,WT,WT,WT,MUT,WT,WT
G138701_RCCBMS-00036-T_v1_RNA_OnPrem,NO_IF,NO_IF,NO_IF,NO_IF,NO_IF,NO_IF,NO_IF,NO_IF,NO_IF,NO_IF,NO_IF,NO_IF,NO_IF,NO_IF,NO_IF,NO_IF,NO_IF,NO_IF,NO_IF,NO_IF,NO_IF,NO_IF,NO_IF,NO_IF,NO_IF,NO_IF,NO_IF,NO_IF,NO_IF,NO_IF,NO_IF,NO_IF,NO_IF
G138701_RCCBMS-00011-T_v1_RNA_OnPrem,WT,WT,MUT,MUT,MUT,MUT,WT,WT,WT,WT,WT,WT,WT,WT,WT,WT,WT,WT,WT,WT,WT,MUT,WT,WT,WT,WT,WT,WT,WT,WT,WT,WT,WT
G109543_RCCBMS-00145-T_v1_RNA_OnPrem,NO_IF,NO_IF,NO_IF,NO_IF,NO_IF,NO_IF,NO_IF,NO_IF,NO_IF,NO_IF,NO_IF,NO_IF,NO_IF,NO_IF,NO_IF,NO_IF,NO_IF,NO_IF,NO_IF,NO_IF,NO_IF,NO_IF,NO_IF,NO_IF,NO_IF,NO_IF,NO_IF,NO_IF,NO_IF,NO_IF,NO_IF,NO_IF,NO_IF
G109543_RCCBMS-00196-T_v1_RNA_OnPrem,NO_IF,NO_IF,NO_IF,NO_IF,NO_IF,NO_IF,NO_IF,NO_IF,NO_IF,NO_IF,NO_IF,NO_IF,NO_IF,NO_IF,NO_IF,NO_IF,NO_IF,NO_IF,NO_IF,NO_IF,NO_IF,NO_IF,NO_IF,NO_IF,NO_IF,NO_IF,NO_IF,NO_IF,NO_IF,NO_IF,NO_IF,NO_IF,NO_IF
G138701_RCCBMS-00090-T_v1_RNA_OnPrem,MUT,MUT,MUT,WT,WT,WT,MUT,MUT,WT,WT,MUT,WT,WT,MUT,WT,WT,WT,WT,WT,WT,WT,WT,WT,WT,WT,WT,WT,WT,WT,WT,MUT,WT,WT
G138701_RCCBMS-00113-T_v1_RNA_OnPrem,NO_IF,NO_IF,NO_IF,NO_IF,NO_IF,NO_IF,NO_IF,NO_IF,NO_IF,NO_IF,NO_IF,NO_IF,NO_IF,NO_IF,NO_IF,NO_IF,NO_IF,NO_IF,NO_IF,NO_IF,NO_IF,NO_IF,NO_IF,NO_IF,NO_IF,NO_IF,NO_IF,NO_IF,NO_IF,NO_IF,NO_IF,NO_IF,NO_IF
G109543_RCCBMS-00076-T2_v1_RNA_OnPrem,MUT,MUT,MUT,WT,WT,MUT,MUT,WT,WT,WT,MUT,WT,WT,WT,WT,WT,WT,WT,WT,WT,WT,WT,WT,WT,WT,WT,WT,WT,WT,WT,WT,WT,WT
G138701_RCCBMS-00098-T_v1_RNA_OnPrem,WT,WT,MUT,WT,WT,WT,WT,WT,MUT,MUT,WT,WT,MUT,WT,WT,WT,WT,WT,WT,WT,WT,MUT,WT,MUT,WT,WT,WT,WT,WT,WT,WT,WT,WT
G138701_RCCBMS-00103-T_v1_RNA_OnPrem,MUT,MUT,MUT,MUT,WT,WT,MUT,MUT,WT,WT,MUT,WT,WT,WT,WT,WT,WT,WT,MUT,WT,WT,WT,WT,WT,WT,WT,WT,WT,WT,WT,MUT,WT,WT
G138701_RCCBMS-00137-T_v1_RNA_OnPrem,MUT,MUT,MUT,WT,WT,WT,WT,WT,WT,WT,MUT,WT,WT,WT,WT,WT,WT,WT,WT,WT,WT,WT,WT,WT,WT,WT,WT,WT,WT,WT,MUT,WT,WT
G109543_RCCBMS-00150-T_v1_RNA_OnPrem,WT,WT,WT,MUT,WT,MUT,MUT,WT,WT,WT,MUT,WT,WT,WT,WT,WT,WT,WT,WT,WT,WT,WT,WT,WT,WT,WT,WT,WT,WT,WT,WT,WT,WT
G138701_RCCBMS-00191-T_v1_RNA_OnPrem,NO_IF,NO_IF,NO_IF,NO_IF,NO_IF,NO_IF,NO_IF,NO_IF,NO_IF,NO_IF,NO_IF,NO_IF,NO_IF,NO_IF,NO_IF,NO_IF,NO_IF,NO_IF,NO_IF,NO_IF,NO_IF,NO_IF,NO_IF,NO_IF,NO_IF,NO_IF,NO_IF,NO_IF,NO_IF,NO_IF,NO_IF,NO_IF,NO_IF
G138701_RCCBMS-00169-T_v1_RNA_OnPrem,MUT,MUT,MUT,WT,WT,WT,MUT,MUT,WT,WT,MUT,WT,WT,MUT,WT,WT,WT,WT,MUT,WT,WT,WT,WT,WT,WT,WT,WT,WT,MUT,WT,MUT,WT,WT
G138701_RCCBMS-00049-T_v1_RNA_OnPrem,WT,WT,MUT,MUT,MUT,MUT,MUT,WT,MUT,MUT,MUT,WT,WT,WT,WT,WT,WT,WT,WT,WT,WT,MUT,WT,WT,WT,WT,WT,WT,WT,WT,MUT,WT,WT
G138701_RCCBMS-00025-T_v1_RNA_OnPrem,MUT,MUT,MUT,MUT,MUT,MUT,MUT,MUT,WT,WT,MUT,WT,WT,WT,WT,WT,WT,WT,MUT,WT,WT,WT,WT,WT,WT,WT,WT,WT,WT,WT,MUT,WT,WT
EA639146,MUT,MUT,MUT,WT,WT,WT,MUT,MUT,WT,WT,MUT,WT,WT,MUT,WT,WT,WT,WT,WT,WT,WT,WT,WT,WT,WT,WT,WT,WT,WT,WT,MUT,WT,WT
EA639156,MUT,MUT,MUT,WT,WT,WT,MUT,MUT,MUT,MUT,WT,WT,WT,WT,WT,WT,WT,WT,WT,WT,WT,MUT,WT,MUT,WT,WT,WT,WT,WT,WT,WT,WT,WT
P66425-01A-Run1_S1_L001,MUT,MUT,MUT,WT,WT,WT,WT,WT,WT,WT,WT,WT,WT,WT,WT,MUT,WT,WT,MUT,WT,WT,WT,WT,WT,WT,WT,WT,WT,WT,WT,MUT,WT,WT
P66425-02F-Run1_S7_L001,WT,WT,MUT,WT,WT,WT,WT,WT,WT,WT,MUT,WT,WT,WT,WT,WT,WT,WT,WT,WT,WT,WT,WT,WT,WT,WT,WT,WT,WT,WT,WT,WT,WT
P66425-08E-Run1_S6_L001,WT,WT,MUT,MUT,MUT,MUT,MUT,MUT,MUT,MUT,MUT,WT,WT,WT,WT,WT,WT,WT,WT,WT,WT,WT,WT,WT,WT,WT,WT,WT,WT,WT,MUT,WT,WT
P66291-09A-Run1_S10_L001,NO_IF,NO_IF,NO_IF,NO_IF,NO_IF,NO_IF,NO_IF,NO_IF,NO_IF,NO_IF,NO_IF,NO_IF,NO_IF,NO_IF,NO_IF,NO_IF,NO_IF,NO_IF,NO_IF,NO_IF,NO_IF,NO_IF,NO_IF,NO_IF,NO_IF,NO_IF,NO_IF,NO_IF,NO_IF,NO_IF,NO_IF,NO_IF,NO_IF
P66425-08F-Run1_S7_L001,WT,WT,MUT,WT,WT,WT,WT,WT,WT,WT,WT,WT,WT,WT,WT,WT,WT,WT,MUT,WT,WT,WT,WT,MUT,WT,WT,WT,WT,WT,WT,WT,WT,WT
P66507-02A-Run1_S22_L002,NO_IF,NO_IF,NO_IF,NO_IF,NO_IF,NO_IF,NO_IF,NO_IF,NO_IF,NO_IF,NO_IF,NO_IF,NO_IF,NO_IF,NO_IF,NO_IF,NO_IF,NO_IF,NO_IF,NO_IF,NO_IF,NO_IF,NO_IF,NO_IF,NO_IF,NO_IF,NO_IF,NO_IF,NO_IF,NO_IF,NO_IF,NO_IF,NO_IF
P66511-05E-Run1_S11_L001,NO_IF,NO_IF,NO_IF,NO_IF,NO_IF,NO_IF,NO_IF,NO_IF,NO_IF,NO_IF,NO_IF,NO_IF,NO_IF,NO_IF,NO_IF,NO_IF,NO_IF,NO_IF,NO_IF,NO_IF,NO_IF,NO_IF,NO_IF,NO_IF,NO_IF,NO_IF,NO_IF,NO_IF,NO_IF,NO_IF,NO_IF,NO_IF,NO_IF
P66425-08C-Run1_S5_L001,NO_IF,NO_IF,NO_IF,NO_IF,NO_IF,NO_IF,NO_IF,NO_IF,NO_IF,NO_IF,NO_IF,WT,WT,WT,WT,WT,WT,WT,WT,WT,WT,WT,WT,WT,WT,WT,WT,WT,WT,WT,WT,WT,WT
EA632171,NO_IF,NO_IF,NO_IF,NO_IF,NO_IF,NO_IF,NO_IF,NO_IF,NO_IF,NO_IF,NO_IF,NO_IF,NO_IF,NO_IF,NO_IF,NO_IF,NO_IF,NO_IF,NO_IF,NO_IF,NO_IF,NO_IF,NO_IF,NO_IF,NO_IF,NO_IF,NO_IF,NO_IF,NO_IF,NO_IF,NO_IF,NO_IF,NO_IF
P66432-02H-Run1_S27_L002,WT,MUT,MUT,WT,WT,WT,WT,WT,WT,WT,WT,WT,WT,WT,WT,WT,WT,WT,MUT,WT,WT,MUT,WT,WT,WT,WT,WT,WT,WT,WT,MUT,WT,WT
P66425-10A-Run1_S13_L002,WT,WT,MUT,WT,WT,WT,MUT,MUT,WT,WT,MUT,WT,WT,WT,WT,WT,WT,WT,WT,WT,WT,WT,WT,WT,WT,WT,WT,WT,WT,WT,WT,WT,WT
P66287-07B-Run1_S2_L001,NO_IF,NO_IF,NO_IF,NO_IF,NO_IF,NO_IF,NO_IF,NO_IF,NO_IF,NO_IF,NO_IF,NO_IF,NO_IF,NO_IF,NO_IF,NO_IF,NO_IF,NO_IF,NO_IF,NO_IF,NO_IF,NO_IF,NO_IF,NO_IF,NO_IF,NO_IF,NO_IF,NO_IF,NO_IF,NO_IF,NO_IF,NO_IF,NO_IF
P66287-12C-Run1_S29_L002,NO_IF,NO_IF,NO_IF,NO_IF,NO_IF,NO_IF,NO_IF,NO_IF,NO_IF,NO_IF,NO_IF,NO_IF,NO_IF,NO_IF,NO_IF,NO_IF,NO_IF,NO_IF,NO_IF,NO_IF,NO_IF,NO_IF,NO_IF,NO_IF,NO_IF,NO_IF,NO_IF,NO_IF,NO_IF,NO_IF,NO_IF,NO_IF,NO_IF
P66287-09H-Run1_S14_L001,NO_IF,NO_IF,NO_IF,NO_IF,NO_IF,NO_IF,NO_IF,NO_IF,NO_IF,NO_IF,NO_IF,NO_IF,NO_IF,NO_IF,NO_IF,NO_IF,NO_IF,NO_IF,NO_IF,NO_IF,NO_IF,NO_IF,NO_IF,NO_IF,NO_IF,NO_IF,NO_IF,NO_IF,NO_IF,NO_IF,NO_IF,NO_IF,NO_IF
P66507-10D-Run1_S4_L001,MUT,MUT,MUT,WT,WT,WT,MUT,MUT,WT,WT,WT,WT,WT,WT,WT,WT,WT,WT,WT,WT,WT,WT,WT,WT,WT,WT,WT,WT,WT,WT,WT,WT,WT
P66451-07E-Run1_S19_L002,MUT,MUT,MUT,MUT,MUT,WT,WT,WT,WT,WT,WT,WT,WT,WT,WT,WT,WT,WT,WT,WT,WT,WT,WT,WT,WT,WT,WT,WT,WT,WT,WT,WT,WT
P66291-12D-Run1_S29_L002,NO_IF,NO_IF,NO_IF,NO_IF,NO_IF,NO_IF,NO_IF,NO_IF,NO_IF,NO_IF,NO_IF,NO_IF,NO_IF,NO_IF,NO_IF,NO_IF,NO_IF,NO_IF,NO_IF,NO_IF,NO_IF,NO_IF,NO_IF,NO_IF,NO_IF,NO_IF,NO_IF,NO_IF,NO_IF,NO_IF,NO_IF,NO_IF,NO_IF
P66507-09C-Run1_S26_L002,MUT,MUT,WT,WT,WT,WT,MUT,MUT,WT,WT,WT,WT,WT,WT,WT,WT,WT,WT,WT,WT,WT,WT,WT,WT,WT,WT,WT,WT,WT,WT,MUT,WT,WT
P66425-07A-Run1_S1_L001,NO_IF,NO_IF,NO_IF,NO_IF,NO_IF,NO_IF,NO_IF,NO_IF,NO_IF,NO_IF,NO_IF,NO_IF,NO_IF,NO_IF,NO_IF,NO_IF,NO_IF,NO_IF,NO_IF,NO_IF,NO_IF,NO_IF,NO_IF,NO_IF,NO_IF,NO_IF,NO_IF,NO_IF,NO_IF,NO_IF,NO_IF,NO_IF,NO_IF
P66451-08D-Run1_S23_L002,WT,WT,MUT,WT,WT,WT,WT,WT,WT,WT,WT,WT,WT,WT,WT,WT,WT,WT,MUT,WT,WT,WT,WT,MUT,WT,WT,WT,WT,WT,WT,MUT,WT,WT
P66451-09H-Run1_S2_L001,MUT,MUT,MUT,WT,WT,WT,MUT,MUT,WT,WT,MUT,WT,WT,MUT,WT,WT,WT,WT,WT,WT,WT,WT,WT,WT,WT,WT,WT,WT,WT,WT,MUT,WT,MUT
P66425-10G-Run1_S14_L001,MUT,MUT,MUT,WT,WT,MUT,MUT,MUT,WT,WT,MUT,WT,WT,MUT,WT,WT,WT,WT,MUT,WT,WT,WT,WT,MUT,WT,WT,WT,WT,MUT,WT,WT,WT,WT
P66425-11E-Run1_S12_L001,NO_IF,NO_IF,NO_IF,NO_IF,NO_IF,NO_IF,NO_IF,NO_IF,NO_IF,NO_IF,NO_IF,NO_IF,NO_IF,NO_IF,NO_IF,NO_IF,NO_IF,NO_IF,NO_IF,NO_IF,NO_IF,NO_IF,NO_IF,NO_IF,NO_IF,NO_IF,NO_IF,NO_IF,NO_IF,NO_IF,NO_IF,NO_IF,NO_IF
EA647814,NO_IF,NO_IF,NO_IF,NO_IF,NO_IF,NO_IF,NO_IF,NO_IF,NO_IF,NO_IF,NO_IF,NO_IF,NO_IF,NO_IF,NO_IF,NO_IF,NO_IF,NO_IF,NO_IF,NO_IF,NO_IF,NO_IF,NO_IF,NO_IF,NO_IF,NO_IF,NO_IF,NO_IF,NO_IF,NO_IF,NO_IF,NO_IF,NO_IF
EA595620,NO_IF,NO_IF,NO_IF,NO_IF,NO_IF,NO_IF,NO_IF,NO_IF,NO_IF,NO_IF,NO_IF,NO_IF,NO_IF,NO_IF,NO_IF,NO_IF,NO_IF,NO_IF,NO_IF,NO_IF,NO_IF,NO_IF,NO_IF,NO_IF,NO_IF,NO_IF,NO_IF,NO_IF,NO_IF,NO_IF,NO_IF,NO_IF,NO_IF
EA595647,NO_IF,NO_IF,NO_IF,NO_IF,NO_IF,NO_IF,NO_IF,NO_IF,NO_IF,NO_IF,NO_IF,NO_IF,NO_IF,NO_IF,NO_IF,NO_IF,NO_IF,NO_IF,NO_IF,NO_IF,NO_IF,NO_IF,NO_IF,NO_IF,NO_IF,NO_IF,NO_IF,NO_IF,NO_IF,NO_IF,NO_IF,NO_IF,NO_IF
P66282-08A-Run1_S5_L001,NO_IF,NO_IF,NO_IF,NO_IF,NO_IF,NO_IF,NO_IF,NO_IF,NO_IF,NO_IF,NO_IF,NO_IF,NO_IF,NO_IF,NO_IF,NO_IF,NO_IF,NO_IF,NO_IF,NO_IF,NO_IF,NO_IF,NO_IF,NO_IF,NO_IF,NO_IF,NO_IF,NO_IF,NO_IF,NO_IF,NO_IF,NO_IF,NO_IF
EA595636,NO_IF,NO_IF,NO_IF,NO_IF,NO_IF,NO_IF,NO_IF,NO_IF,NO_IF,NO_IF,NO_IF,NO_IF,NO_IF,NO_IF,NO_IF,NO_IF,NO_IF,NO_IF,NO_IF,NO_IF,NO_IF,NO_IF,NO_IF,NO_IF,NO_IF,NO_IF,NO_IF,NO_IF,NO_IF,NO_IF,NO_IF,NO_IF,NO_IF
P66287-11A-Run1_S20_L002,NO_IF,NO_IF,NO_IF,NO_IF,NO_IF,NO_IF,NO_IF,NO_IF,NO_IF,NO_IF,NO_IF,NO_IF,NO_IF,NO_IF,NO_IF,NO_IF,NO_IF,NO_IF,NO_IF,NO_IF,NO_IF,NO_IF,NO_IF,NO_IF,NO_IF,NO_IF,NO_IF,NO_IF,NO_IF,NO_IF,NO_IF,NO_IF,NO_IF
P66432-02G-Run1_S26_L002,MUT,MUT,MUT,WT,WT,WT,WT,WT,MUT,MUT,WT,WT,WT,MUT,WT,WT,WT,WT,WT,WT,WT,MUT,WT,WT,WT,WT,WT,WT,WT,MUT,WT,WT,WT
P66432-08G-Run1_S26_L002,MUT,MUT,MUT,WT,WT,WT,WT,WT,WT,WT,WT,WT,WT,WT,WT,WT,WT,WT,WT,WT,WT,WT,WT,WT,WT,WT,WT,WT,WT,WT,MUT,WT,WT
EA632753,MUT,MUT,MUT,WT,WT,WT,MUT,MUT,WT,WT,MUT,WT,WT,WT,WT,WT,WT,WT,WT,WT,WT,WT,WT,WT,WT,WT,WT,WT,WT,WT,WT,WT,WT
P66451-07C-Run1_S17_L002,NO_IF,NO_IF,NO_IF,NO_IF,NO_IF,NO_IF,NO_IF,NO_IF,NO_IF,NO_IF,NO_IF,NO_IF,NO_IF,NO_IF,NO_IF,NO_IF,NO_IF,NO_IF,NO_IF,NO_IF,NO_IF,NO_IF,NO_IF,NO_IF,NO_IF,NO_IF,NO_IF,NO_IF,NO_IF,NO_IF,NO_IF,NO_IF,NO_IF
EA595585,WT,MUT,MUT,WT,WT,WT,WT,WT,WT,WT,WT,WT,WT,WT,WT,WT,WT,WT,MUT,WT,WT,WT,WT,MUT,WT,WT,WT,WT,WT,WT,WT,WT,WT
P66282-10B-Run1_S11_L001,WT,WT,MUT,WT,WT,WT,WT,WT,WT,WT,WT,WT,WT,WT,WT,WT,WT,WT,WT,WT,WT,WT,WT,WT,WT,WT,WT,WT,WT,WT,WT,WT,WT
P66511-10H-Run1_S5_L001,MUT,MUT,MUT,WT,WT,WT,WT,WT,WT,WT,MUT,WT,WT,WT,WT,WT,WT,WT,MUT,WT,WT,WT,WT,WT,WT,WT,WT,WT,WT,WT,MUT,WT,WT
P66432-03C-Run1_S30_L002,MUT,MUT,MUT,WT,WT,WT,MUT,MUT,MUT,MUT,MUT,WT,WT,WT,WT,WT,WT,WT,WT,WT,WT,WT,WT,MUT,WT,WT,WT,WT,WT,WT,MUT,WT,WT
P66451-06C-Run1_S12_L001,MUT,MUT,MUT,MUT,MUT,MUT,WT,WT,MUT,MUT,WT,WT,WT,WT,WT,WT,WT,WT,WT,WT,WT,MUT,WT,WT,WT,WT,WT,WT,WT,WT,WT,WT,WT
P66451-06G-Run1_S14_L001,NO_IF,NO_IF,NO_IF,NO_IF,NO_IF,NO_IF,NO_IF,NO_IF,NO_IF,NO_IF,NO_IF,NO_IF,NO_IF,NO_IF,NO_IF,NO_IF,NO_IF,NO_IF,NO_IF,NO_IF,NO_IF,NO_IF,NO_IF,NO_IF,NO_IF,NO_IF,NO_IF,NO_IF,NO_IF,NO_IF,NO_IF,NO_IF,NO_IF
P66287-11C-Run1_S22_L002,MUT,MUT,MUT,WT,WT,WT,WT,WT,WT,WT,MUT,WT,WT,WT,WT,WT,WT,WT,MUT,WT,WT,WT,WT,MUT,WT,WT,WT,WT,WT,WT,WT,WT,WT
P66511-04H-Run1_S7_L001,MUT,MUT,MUT,WT,WT,WT,MUT,MUT,WT,WT,MUT,WT,WT,WT,WT,WT,WT,WT,WT,WT,WT,WT,WT,WT,WT,WT,WT,WT,WT,WT,WT,WT,WT
P66511-06B-Run1_S14_L001,MUT,MUT,MUT,WT,WT,WT,MUT,MUT,WT,WT,MUT,WT,WT,WT,WT,WT,WT,WT,MUT,WT,WT,WT,WT,MUT,WT,WT,WT,WT,WT,WT,WT,WT,WT
EA639134,MUT,MUT,MUT,MUT,MUT,MUT,MUT,MUT,MUT,MUT,MUT,WT,WT,MUT,WT,WT,WT,WT,WT,WT,WT,WT,WT,WT,WT,WT,WT,WT,WT,WT,MUT,WT,WT
P66451-02A-Run1_S20_L002,MUT,MUT,MUT,MUT,MUT,MUT,WT,WT,MUT,MUT,WT,WT,WT,WT,WT,WT,WT,WT,WT,WT,WT,WT,WT,MUT,WT,WT,WT,WT,WT,WT,WT,WT,WT
P66507-06C-Run1_S10_L001,MUT,MUT,MUT,WT,WT,WT,WT,WT,WT,WT,MUT,WT,WT,WT,WT,MUT,WT,WT,WT,WT,WT,WT,WT,WT,WT,WT,WT,WT,WT,WT,WT,WT,WT
P66282-01G-Run1_S3_L001,NO_IF,NO_IF,NO_IF,NO_IF,NO_IF,NO_IF,NO_IF,NO_IF,NO_IF,NO_IF,NO_IF,NO_IF,NO_IF,NO_IF,NO_IF,NO_IF,NO_IF,NO_IF,NO_IF,NO_IF,NO_IF,NO_IF,NO_IF,NO_IF,NO_IF,NO_IF,NO_IF,NO_IF,NO_IF,NO_IF,NO_IF,NO_IF,NO_IF
P66425-06E-Run1_S28_L002,NO_IF,NO_IF,NO_IF,NO_IF,NO_IF,NO_IF,NO_IF,NO_IF,NO_IF,NO_IF,NO_IF,NO_IF,NO_IF,NO_IF,NO_IF,NO_IF,NO_IF,NO_IF,NO_IF,NO_IF,NO_IF,NO_IF,NO_IF,NO_IF,NO_IF,NO_IF,NO_IF,NO_IF,NO_IF,NO_IF,NO_IF,NO_IF,NO_IF
P66432-05G-Run1_S6_L001,NO_IF,NO_IF,NO_IF,NO_IF,NO_IF,NO_IF,NO_IF,NO_IF,NO_IF,NO_IF,NO_IF,WT,MUT,WT,WT,MUT,WT,WT,MUT,WT,WT,MUT,WT,WT,WT,WT,WT,WT,WT,WT,MUT,WT,WT
P66511-10D-Run1_S3_L001,NO_IF,NO_IF,NO_IF,NO_IF,NO_IF,NO_IF,NO_IF,NO_IF,NO_IF,NO_IF,NO_IF,NO_IF,NO_IF,NO_IF,NO_IF,NO_IF,NO_IF,NO_IF,NO_IF,NO_IF,NO_IF,NO_IF,NO_IF,NO_IF,NO_IF,NO_IF,NO_IF,NO_IF,NO_IF,NO_IF,NO_IF,NO_IF,NO_IF
P66511-06G-Run1_S16_L001,MUT,MUT,MUT,WT,WT,WT,WT,WT,WT,WT,WT,WT,WT,WT,WT,WT,WT,WT,MUT,WT,WT,WT,WT,WT,WT,WT,WT,WT,WT,WT,WT,WT,WT
EA632688,NO_IF,NO_IF,NO_IF,NO_IF,NO_IF,NO_IF,NO_IF,NO_IF,NO_IF,NO_IF,NO_IF,NO_IF,NO_IF,NO_IF,NO_IF,NO_IF,NO_IF,NO_IF,NO_IF,NO_IF,NO_IF,NO_IF,NO_IF,NO_IF,NO_IF,NO_IF,NO_IF,NO_IF,NO_IF,NO_IF,NO_IF,NO_IF,NO_IF
P66425-07C-Run1_S2_L001,WT,WT,WT,WT,WT,WT,WT,WT,WT,WT,WT,WT,WT,WT,WT,WT,WT,WT,WT,WT,WT,WT,WT,WT,WT,WT,WT,WT,WT,WT,WT,WT,WT
P66425-06G-Run1_S30_L002,NO_IF,NO_IF,NO_IF,NO_IF,NO_IF,NO_IF,NO_IF,NO_IF,NO_IF,NO_IF,NO_IF,WT,WT,MUT,WT,WT,WT,WT,WT,WT,WT,WT,WT,WT,WT,WT,WT,WT,WT,WT,WT,WT,WT
EA647820,NO_IF,NO_IF,NO_IF,NO_IF,NO_IF,NO_IF,NO_IF,NO_IF,NO_IF,NO_IF,NO_IF,NO_IF,NO_IF,NO_IF,NO_IF,NO_IF,NO_IF,NO_IF,NO_IF,NO_IF,NO_IF,NO_IF,NO_IF,NO_IF,NO_IF,NO_IF,NO_IF,NO_IF,NO_IF,NO_IF,NO_IF,NO_IF,NO_IF
P66291-09H-Run1_S15_L001,NO_IF,NO_IF,NO_IF,NO_IF,NO_IF,NO_IF,NO_IF,NO_IF,NO_IF,NO_IF,NO_IF,NO_IF,NO_IF,NO_IF,NO_IF,NO_IF,NO_IF,NO_IF,NO_IF,NO_IF,NO_IF,NO_IF,NO_IF,NO_IF,NO_IF,NO_IF,NO_IF,NO_IF,NO_IF,NO_IF,NO_IF,NO_IF,NO_IF
P66511-04E-Run1_S4_L001,MUT,MUT,MUT,WT,WT,WT,MUT,MUT,WT,WT,MUT,WT,WT,WT,WT,MUT,WT,WT,WT,WT,WT,WT,WT,WT,WT,WT,WT,WT,WT,WT,WT,WT,WT
EA595632,NO_IF,NO_IF,NO_IF,NO_IF,NO_IF,NO_IF,NO_IF,NO_IF,NO_IF,NO_IF,NO_IF,NO_IF,NO_IF,NO_IF,NO_IF,NO_IF,NO_IF,NO_IF,NO_IF,NO_IF,NO_IF,NO_IF,NO_IF,NO_IF,NO_IF,NO_IF,NO_IF,NO_IF,NO_IF,NO_IF,NO_IF,NO_IF,NO_IF
P66451-02H-Run1_S22_L002,NO_IF,NO_IF,NO_IF,NO_IF,NO_IF,NO_IF,NO_IF,NO_IF,NO_IF,NO_IF,NO_IF,NO_IF,NO_IF,NO_IF,NO_IF,NO_IF,NO_IF,NO_IF,NO_IF,NO_IF,NO_IF,NO_IF,NO_IF,NO_IF,NO_IF,NO_IF,NO_IF,NO_IF,NO_IF,NO_IF,NO_IF,NO_IF,NO_IF
P66511-09B-Run1_S26_L002,MUT,MUT,MUT,WT,WT,WT,MUT,MUT,WT,WT,WT,WT,WT,WT,WT,WT,WT,WT,MUT,WT,WT,WT,WT,MUT,WT,WT,WT,WT,WT,WT,WT,WT,WT
P66282-10E-Run1_S12_L002,NO_IF,NO_IF,NO_IF,NO_IF,NO_IF,NO_IF,NO_IF,NO_IF,NO_IF,NO_IF,NO_IF,NO_IF,NO_IF,NO_IF,NO_IF,NO_IF,NO_IF,NO_IF,NO_IF,NO_IF,NO_IF,NO_IF,NO_IF,NO_IF,NO_IF,NO_IF,NO_IF,NO_IF,NO_IF,NO_IF,NO_IF,NO_IF,NO_IF
P66282-04H-Run1_S20_L002,NO_IF,NO_IF,NO_IF,NO_IF,NO_IF,NO_IF,NO_IF,NO_IF,NO_IF,NO_IF,NO_IF,NO_IF,NO_IF,NO_IF,NO_IF,NO_IF,NO_IF,NO_IF,NO_IF,NO_IF,NO_IF,NO_IF,NO_IF,NO_IF,NO_IF,NO_IF,NO_IF,NO_IF,NO_IF,NO_IF,NO_IF,NO_IF,NO_IF
P66291-08A-Run1_S6_L001,WT,WT,MUT,WT,WT,WT,MUT,MUT,WT,WT,WT,WT,WT,WT,WT,WT,WT,WT,MUT,WT,WT,WT,WT,WT,WT,WT,WT,WT,WT,WT,WT,WT,WT
EA632702,NO_IF,NO_IF,NO_IF,NO_IF,NO_IF,NO_IF,NO_IF,NO_IF,NO_IF,NO_IF,NO_IF,WT,WT,WT,WT,WT,WT,WT,WT,WT,WT,WT,WT,WT,WT,WT,WT,WT,WT,WT,WT,WT,WT
P66432-07E-Run1_S20_L002,MUT,MUT,MUT,WT,WT,WT,WT,MUT,WT,WT,MUT,WT,WT,WT,WT,WT,WT,WT,WT,WT,WT,WT,WT,WT,WT,WT,WT,WT,WT,WT,MUT,WT,WT
EA639153,MUT,MUT,MUT,MUT,MUT,MUT,MUT,MUT,WT,WT,MUT,WT,WT,WT,WT,WT,WT,WT,WT,WT,WT,WT,WT,WT,WT,WT,WT,WT,WT,WT,WT,WT,WT
EA632174,NO_IF,NO_IF,NO_IF,NO_IF,NO_IF,NO_IF,NO_IF,NO_IF,NO_IF,NO_IF,NO_IF,NO_IF,NO_IF,NO_IF,NO_IF,NO_IF,NO_IF,NO_IF,NO_IF,NO_IF,NO_IF,NO_IF,NO_IF,NO_IF,NO_IF,NO_IF,NO_IF,NO_IF,NO_IF,NO_IF,NO_IF,NO_IF,NO_IF
P66287-06H-Run1_S30_L002,NO_IF,NO_IF,NO_IF,NO_IF,NO_IF,NO_IF,NO_IF,NO_IF,NO_IF,NO_IF,NO_IF,NO_IF,NO_IF,NO_IF,NO_IF,NO_IF,NO_IF,NO_IF,NO_IF,NO_IF,NO_IF,NO_IF,NO_IF,NO_IF,NO_IF,NO_IF,NO_IF,NO_IF,NO_IF,NO_IF,NO_IF,NO_IF,NO_IF
EA647818,MUT,MUT,MUT,WT,WT,WT,MUT,MUT,WT,WT,MUT,WT,WT,WT,WT,WT,WT,WT,MUT,WT,WT,WT,WT,MUT,WT,WT,WT,WT,WT,WT,MUT,WT,WT
P66451-08H-Run1_S26_L002,MUT,MUT,MUT,MUT,MUT,MUT,MUT,MUT,WT,WT,MUT,WT,WT,WT,WT,WT,WT,WT,MUT,WT,WT,WT,WT,WT,WT,WT,WT,WT,WT,WT,MUT,WT,WT
EA632758,NO_IF,NO_IF,NO_IF,NO_IF,NO_IF,NO_IF,NO_IF,NO_IF,NO_IF,NO_IF,NO_IF,NO_IF,NO_IF,NO_IF,NO_IF,NO_IF,NO_IF,NO_IF,NO_IF,NO_IF,NO_IF,NO_IF,NO_IF,NO_IF,NO_IF,NO_IF,NO_IF,NO_IF,NO_IF,NO_IF,NO_IF,NO_IF,NO_IF
P66282-10F-Run1_S13_L002,NO_IF,NO_IF,NO_IF,NO_IF,NO_IF,NO_IF,NO_IF,NO_IF,NO_IF,NO_IF,NO_IF,NO_IF,NO_IF,NO_IF,NO_IF,NO_IF,NO_IF,NO_IF,NO_IF,NO_IF,NO_IF,NO_IF,NO_IF,NO_IF,NO_IF,NO_IF,NO_IF,NO_IF,NO_IF,NO_IF,NO_IF,NO_IF,NO_IF
EA632149,WT,WT,MUT,WT,WT,WT,WT,WT,MUT,MUT,WT,WT,WT,WT,WT,WT,WT,WT,WT,WT,WT,WT,WT,WT,WT,WT,WT,WT,WT,WT,WT,WT,WT
EA632772,NO_IF,NO_IF,NO_IF,NO_IF,NO_IF,NO_IF,NO_IF,NO_IF,NO_IF,NO_IF,NO_IF,NO_IF,NO_IF,NO_IF,NO_IF,NO_IF,NO_IF,NO_IF,NO_IF,NO_IF,NO_IF,NO_IF,NO_IF,NO_IF,NO_IF,NO_IF,NO_IF,NO_IF,NO_IF,NO_IF,NO_IF,NO_IF,NO_IF
P66291-06D-Run1_S27_L002,NO_IF,NO_IF,NO_IF,NO_IF,NO_IF,NO_IF,NO_IF,NO_IF,NO_IF,NO_IF,NO_IF,WT,WT,WT,WT,WT,WT,WT,WT,WT,WT,WT,WT,WT,WT,WT,WT,WT,WT,WT,WT,WT,WT
P66291-08F-Run1_S7_L001,WT,WT,MUT,WT,WT,MUT,WT,WT,WT,WT,MUT,WT,WT,WT,WT,WT,WT,WT,WT,WT,WT,WT,WT,WT,WT,WT,WT,WT,WT,WT,WT,WT,WT
EA639081,MUT,MUT,MUT,MUT,MUT,MUT,WT,WT,MUT,MUT,MUT,WT,WT,WT,WT,WT,WT,WT,WT,WT,WT,WT,WT,MUT,WT,WT,WT,WT,WT,WT,MUT,WT,WT
P66507-02H-Run1_S29_L002,MUT,MUT,MUT,MUT,MUT,MUT,MUT,MUT,WT,WT,MUT,WT,WT,WT,WT,WT,WT,WT,WT,WT,WT,WT,WT,WT,WT,WT,WT,WT,WT,WT,WT,WT,WT
P66507-04A-Run1_S1_L001,NO_IF,NO_IF,NO_IF,NO_IF,NO_IF,NO_IF,NO_IF,NO_IF,NO_IF,NO_IF,NO_IF,NO_IF,NO_IF,NO_IF,NO_IF,NO_IF,NO_IF,NO_IF,NO_IF,NO_IF,NO_IF,NO_IF,NO_IF,NO_IF,NO_IF,NO_IF,NO_IF,NO_IF,NO_IF,NO_IF,NO_IF,NO_IF,NO_IF
P66282-05D-Run1_S21_L002,NO_IF,NO_IF,NO_IF,NO_IF,NO_IF,NO_IF,NO_IF,NO_IF,NO_IF,NO_IF,NO_IF,WT,WT,WT,WT,WT,WT,WT,WT,WT,WT,WT,WT,WT,WT,WT,WT,WT,WT,WT,WT,WT,WT
P66287-11D-Run1_S23_L002,MUT,MUT,MUT,WT,WT,WT,MUT,MUT,WT,WT,MUT,WT,WT,WT,WT,WT,WT,WT,WT,WT,WT,WT,WT,WT,WT,WT,WT,WT,MUT,WT,WT,WT,WT
P66282-11E-Run1_S19_L002,MUT,MUT,MUT,WT,WT,WT,WT,WT,MUT,MUT,MUT,WT,WT,WT,WT,MUT,WT,WT,WT,WT,WT,WT,WT,WT,WT,WT,WT,WT,WT,WT,WT,WT,WT
P66451-05D-Run1_S8_L001,NO_IF,NO_IF,NO_IF,NO_IF,NO_IF,NO_IF,NO_IF,NO_IF,NO_IF,NO_IF,NO_IF,NO_IF,NO_IF,NO_IF,NO_IF,NO_IF,NO_IF,NO_IF,NO_IF,NO_IF,NO_IF,NO_IF,NO_IF,NO_IF,NO_IF,NO_IF,NO_IF,NO_IF,NO_IF,NO_IF,NO_IF,NO_IF,NO_IF
P66287-04D-Run1_S18_L002,MUT,MUT,MUT,WT,WT,WT,WT,WT,WT,WT,MUT,WT,WT,WT,WT,WT,WT,WT,WT,WT,WT,WT,WT,WT,WT,WT,WT,WT,WT,WT,WT,WT,WT
P66291-05G-Run1_S22_L002,MUT,MUT,MUT,WT,WT,WT,MUT,MUT,MUT,MUT,MUT,WT,WT,WT,WT,MUT,WT,WT,WT,WT,WT,WT,WT,MUT,WT,WT,WT,WT,WT,WT,MUT,WT,WT
EA639152,MUT,MUT,MUT,WT,WT,WT,WT,MUT,WT,WT,MUT,WT,WT,WT,WT,WT,WT,WT,WT,WT,WT,WT,WT,WT,WT,WT,WT,WT,WT,WT,WT,WT,WT
EA595668,NO_IF,NO_IF,NO_IF,NO_IF,NO_IF,NO_IF,NO_IF,NO_IF,NO_IF,NO_IF,NO_IF,NO_IF,NO_IF,NO_IF,NO_IF,NO_IF,NO_IF,NO_IF,NO_IF,NO_IF,NO_IF,NO_IF,NO_IF,NO_IF,NO_IF,NO_IF,NO_IF,NO_IF,NO_IF,NO_IF,NO_IF,NO_IF,NO_IF
P66291-01B-Run1_S2_L001,MUT,MUT,MUT,WT,WT,WT,WT,WT,MUT,MUT,MUT,WT,WT,WT,WT,WT,WT,WT,MUT,WT,WT,WT,WT,MUT,WT,WT,WT,WT,WT,WT,WT,WT,WT
P66432-08C-Run1_S24_L002,WT,MUT,MUT,MUT,WT,WT,WT,WT,WT,WT,WT,WT,WT,WT,WT,WT,WT,WT,WT,WT,WT,WT,WT,WT,WT,WT,WT,WT,WT,WT,WT,WT,WT
P66287-03A-Run1_S9_L001,WT,WT,MUT,WT,WT,WT,MUT,MUT,WT,MUT,MUT,MUT,WT,WT,WT,WT,WT,WT,WT,WT,WT,WT,WT,WT,WT,WT,WT,WT,WT,WT,WT,WT,WT
EA632123,MUT,MUT,MUT,WT,WT,WT,WT,WT,WT,WT,MUT,WT,WT,WT,WT,WT,WT,WT,MUT,WT,WT,WT,WT,WT,WT,WT,WT,WT,WT,WT,WT,WT,WT
P66511-02H-Run1_S26_L002,NO_IF,NO_IF,NO_IF,NO_IF,NO_IF,NO_IF,NO_IF,NO_IF,NO_IF,NO_IF,NO_IF,WT,WT,WT,WT,MUT,WT,WT,MUT,WT,WT,WT,WT,WT,WT,WT,WT,WT,WT,WT,MUT,WT,WT
EA639019,MUT,MUT,MUT,WT,WT,WT,MUT,MUT,WT,WT,MUT,WT,WT,WT,WT,WT,WT,WT,MUT,WT,WT,WT,WT,MUT,WT,WT,WT,WT,WT,WT,WT,WT,WT
P66507-02D-Run1_S25_L002,MUT,MUT,MUT,WT,WT,WT,WT,WT,MUT,MUT,MUT,WT,WT,WT,WT,WT,WT,WT,WT,WT,WT,WT,WT,WT,WT,WT,WT,WT,WT,WT,WT,WT,WT
EA595720,NO_IF,NO_IF,NO_IF,NO_IF,NO_IF,NO_IF,NO_IF,NO_IF,NO_IF,NO_IF,NO_IF,WT,WT,WT,WT,WT,WT,WT,WT,WT,WT,WT,WT,WT,WT,WT,WT,WT,WT,WT,WT,WT,WT
P66507-11G-Run1_S11_L001,NO_IF,NO_IF,NO_IF,NO_IF,NO_IF,NO_IF,NO_IF,NO_IF,NO_IF,NO_IF,NO_IF,NO_IF,NO_IF,NO_IF,NO_IF,NO_IF,NO_IF,NO_IF,NO_IF,NO_IF,NO_IF,NO_IF,NO_IF,NO_IF,NO_IF,NO_IF,NO_IF,NO_IF,NO_IF,NO_IF,NO_IF,NO_IF,NO_IF
EA632138,NO_IF,NO_IF,NO_IF,NO_IF,NO_IF,NO_IF,NO_IF,NO_IF,NO_IF,NO_IF,NO_IF,WT,WT,WT,WT,WT,WT,WT,MUT,WT,WT,WT,WT,WT,WT,WT,WT,WT,WT,WT,MUT,WT,WT
P66507-08D-Run1_S20_L002,MUT,MUT,MUT,MUT,MUT,MUT,MUT,MUT,WT,WT,MUT,WT,WT,WT,WT,WT,WT,WT,WT,WT,WT,WT,WT,WT,WT,WT,WT,WT,WT,WT,WT,WT,WT
EA595711,MUT,MUT,MUT,WT,WT,WT,WT,MUT,WT,WT,MUT,WT,WT,MUT,WT,WT,WT,WT,WT,WT,WT,WT,WT,WT,WT,WT,WT,WT,WT,WT,WT,WT,WT
P66507-12B-Run1_S13_L001,MUT,MUT,MUT,MUT,MUT,MUT,MUT,MUT,MUT,MUT,MUT,WT,WT,WT,WT,WT,WT,WT,MUT,WT,WT,WT,WT,MUT,WT,WT,WT,WT,WT,WT,WT,WT,WT
EA647821,NO_IF,NO_IF,NO_IF,NO_IF,NO_IF,NO_IF,NO_IF,NO_IF,NO_IF,NO_IF,NO_IF,NO_IF,NO_IF,NO_IF,NO_IF,NO_IF,NO_IF,NO_IF,NO_IF,NO_IF,NO_IF,NO_IF,NO_IF,NO_IF,NO_IF,NO_IF,NO_IF,NO_IF,NO_IF,NO_IF,NO_IF,NO_IF,NO_IF
EA595679,MUT,MUT,MUT,MUT,MUT,MUT,WT,WT,MUT,MUT,MUT,WT,WT,WT,WT,WT,WT,WT,WT,WT,WT,WT,WT,WT,WT,WT,WT,WT,WT,WT,MUT,WT,WT
P66507-04C-Run1_S2_L001,MUT,MUT,MUT,WT,WT,WT,MUT,MUT,MUT,MUT,MUT,WT,WT,MUT,WT,WT,WT,WT,WT,WT,WT,WT,WT,MUT,WT,WT,WT,WT,WT,WT,WT,WT,WT
P66507-01E-Run1_S19_L002,WT,WT,MUT,WT,WT,WT,WT,WT,WT,WT,WT,WT,WT,WT,WT,WT,WT,WT,MUT,WT,WT,WT,WT,WT,WT,WT,WT,WT,WT,WT,WT,WT,WT
P66282-05F-Run1_S22_L002,MUT,MUT,MUT,WT,WT,WT,WT,MUT,WT,MUT,MUT,WT,WT,WT,WT,WT,WT,WT,WT,WT,WT,WT,WT,WT,WT,WT,WT,WT,WT,WT,MUT,WT,WT
P66507-01G-Run1_S20_L002,NO_IF,NO_IF,NO_IF,NO_IF,NO_IF,NO_IF,NO_IF,NO_IF,NO_IF,NO_IF,NO_IF,NO_IF,NO_IF,NO_IF,NO_IF,NO_IF,NO_IF,NO_IF,NO_IF,NO_IF,NO_IF,NO_IF,NO_IF,NO_IF,NO_IF,NO_IF,NO_IF,NO_IF,NO_IF,NO_IF,NO_IF,NO_IF,NO_IF
P66511-09E-Run1_S29_L002,WT,WT,WT,WT,WT,WT,WT,WT,WT,WT,WT,WT,WT,WT,WT,MUT,WT,WT,WT,WT,WT,WT,WT,WT,WT,WT,WT,WT,WT,WT,WT,WT,WT
EA595719,WT,WT,WT,WT,WT,WT,WT,WT,WT,WT,WT,WT,WT,WT,WT,WT,MUT,WT,MUT,WT,WT,WT,WT,WT,WT,WT,WT,WT,WT,WT,MUT,WT,WT
P66287-04E-Run1_S19_L002,MUT,MUT,MUT,MUT,MUT,MUT,MUT,MUT,MUT,MUT,MUT,WT,WT,WT,WT,WT,WT,WT,WT,WT,WT,WT,WT,WT,WT,WT,WT,WT,WT,WT,MUT,WT,WT
EA595660,MUT,MUT,MUT,MUT,MUT,MUT,WT,WT,WT,WT,MUT,WT,WT,WT,WT,WT,WT,WT,WT,WT,WT,WT,WT,WT,WT,WT,WT,WT,WT,WT,WT,WT,WT
P66432-08B-Run1_S23_L002,NO_IF,NO_IF,NO_IF,NO_IF,NO_IF,NO_IF,NO_IF,NO_IF,NO_IF,NO_IF,NO_IF,NO_IF,NO_IF,NO_IF,NO_IF,NO_IF,NO_IF,NO_IF,NO_IF,NO_IF,NO_IF,NO_IF,NO_IF,NO_IF,NO_IF,NO_IF,NO_IF,NO_IF,NO_IF,NO_IF,NO_IF,NO_IF,NO_IF
P66432-04D-Run1_S2_L001,MUT,MUT,MUT,WT,WT,MUT,WT,WT,MUT,MUT,WT,WT,WT,WT,WT,WT,WT,WT,WT,WT,WT,WT,WT,WT,WT,WT,WT,WT,WT,WT,MUT,WT,WT
P66432-10B-Run1_S2_L001,MUT,MUT,MUT,MUT,MUT,MUT,MUT,MUT,MUT,MUT,MUT,WT,WT,WT,WT,WT,WT,WT,MUT,WT,WT,WT,WT,WT,WT,WT,WT,WT,WT,WT,WT,WT,WT
P66507-07F-Run1_S16_L002,MUT,MUT,MUT,WT,WT,WT,MUT,MUT,WT,WT,MUT,WT,WT,WT,WT,WT,WT,WT,WT,WT,WT,WT,WT,WT,WT,WT,WT,WT,WT,WT,WT,WT,WT
EA632813,MUT,MUT,MUT,WT,WT,WT,MUT,MUT,WT,WT,MUT,WT,WT,WT,WT,WT,WT,WT,WT,WT,WT,WT,WT,WT,WT,WT,WT,WT,WT,WT,WT,WT,WT
EA632133,WT,WT,MUT,WT,WT,WT,MUT,MUT,WT,WT,MUT,WT,WT,WT,WT,WT,WT,WT,MUT,WT,WT,WT,WT,WT,WT,WT,WT,WT,WT,WT,WT,WT,WT
P66432-11C-Run1_S7_L001,MUT,MUT,MUT,WT,WT,WT,WT,WT,WT,WT,WT,WT,WT,WT,WT,MUT,WT,WT,MUT,WT,WT,WT,WT,MUT,WT,WT,WT,WT,WT,WT,MUT,WT,WT
P66507-12A-Run1_S12_L001,NO_IF,NO_IF,NO_IF,NO_IF,NO_IF,NO_IF,NO_IF,NO_IF,NO_IF,NO_IF,NO_IF,NO_IF,NO_IF,NO_IF,NO_IF,NO_IF,NO_IF,NO_IF,NO_IF,NO_IF,NO_IF,NO_IF,NO_IF,NO_IF,NO_IF,NO_IF,NO_IF,NO_IF,NO_IF,NO_IF,NO_IF,NO_IF,NO_IF
P66432-02C-Run1_S22_L002,NO_IF,NO_IF,NO_IF,NO_IF,NO_IF,NO_IF,NO_IF,NO_IF,NO_IF,NO_IF,NO_IF,NO_IF,NO_IF,NO_IF,NO_IF,NO_IF,NO_IF,NO_IF,NO_IF,NO_IF,NO_IF,NO_IF,NO_IF,NO_IF,NO_IF,NO_IF,NO_IF,NO_IF,NO_IF,NO_IF,NO_IF,NO_IF,NO_IF
EA639099,MUT,MUT,MUT,WT,WT,WT,WT,WT,MUT,MUT,MUT,WT,WT,WT,WT,MUT,WT,WT,WT,WT,WT,WT,WT,WT,WT,WT,WT,WT,WT,WT,MUT,WT,WT
EA639114,MUT,MUT,MUT,WT,WT,WT,WT,WT,WT,WT,MUT,WT,WT,WT,WT,WT,WT,WT,WT,WT,WT,WT,WT,WT,WT,WT,WT,WT,WT,WT,WT,WT,WT
EA632151,NO_IF,NO_IF,NO_IF,NO_IF,NO_IF,NO_IF,NO_IF,NO_IF,NO_IF,NO_IF,NO_IF,NO_IF,NO_IF,NO_IF,NO_IF,NO_IF,NO_IF,NO_IF,NO_IF,NO_IF,NO_IF,NO_IF,NO_IF,NO_IF,NO_IF,NO_IF,NO_IF,NO_IF,NO_IF,NO_IF,NO_IF,NO_IF,NO_IF
P66287-04G-Run1_S20_L002,MUT,MUT,MUT,WT,WT,WT,MUT,MUT,WT,WT,MUT,WT,WT,WT,WT,WT,WT,WT,WT,WT,WT,WT,WT,WT,WT,WT,WT,WT,WT,WT,WT,WT,WT
P66432-06D-Run1_S11_L001,MUT,MUT,MUT,MUT,MUT,MUT,MUT,MUT,MUT,MUT,MUT,WT,WT,WT,WT,WT,WT,WT,WT,WT,WT,MUT,WT,WT,WT,WT,WT,WT,WT,WT,MUT,WT,WT
P66425-02C-Run1_S5_L001,MUT,MUT,MUT,MUT,MUT,MUT,MUT,WT,WT,WT,WT,WT,WT,WT,WT,WT,WT,WT,WT,WT,WT,WT,MUT,WT,WT,WT,WT,WT,WT,WT,WT,WT,WT
P66425-03F-Run1_S12_L001,WT,WT,MUT,WT,WT,WT,WT,WT,WT,WT,WT,WT,WT,WT,WT,WT,WT,WT,WT,WT,WT,WT,WT,WT,WT,WT,WT,WT,WT,WT,WT,WT,WT
P66451-01E-Run1_S17_L002,NO_IF,NO_IF,NO_IF,NO_IF,NO_IF,NO_IF,NO_IF,NO_IF,NO_IF,NO_IF,NO_IF,NO_IF,NO_IF,NO_IF,NO_IF,NO_IF,NO_IF,NO_IF,NO_IF,NO_IF,NO_IF,NO_IF,NO_IF,NO_IF,NO_IF,NO_IF,NO_IF,NO_IF,NO_IF,NO_IF,NO_IF,NO_IF,NO_IF
EA639112,MUT,MUT,MUT,WT,WT,WT,MUT,MUT,WT,WT,WT,WT,WT,WT,WT,WT,WT,WT,WT,WT,WT,WT,WT,WT,WT,WT,WT,WT,WT,WT,WT,WT,WT
P66291-06C-Run1_S26_L002,MUT,MUT,MUT,MUT,MUT,MUT,MUT,MUT,MUT,MUT,MUT,WT,WT,WT,WT,MUT,WT,WT,MUT,WT,WT,WT,WT,WT,WT,WT,WT,WT,WT,WT,MUT,WT,WT
P66432-10G-Run1_S4_L001,MUT,MUT,MUT,WT,WT,WT,MUT,MUT,WT,WT,MUT,WT,WT,WT,WT,WT,WT,WT,MUT,WT,WT,WT,WT,WT,WT,WT,WT,WT,WT,WT,MUT,WT,WT
P66425-02E-Run1_S6_L001,MUT,MUT,MUT,MUT,MUT,MUT,MUT,MUT,WT,WT,MUT,WT,WT,WT,WT,WT,WT,WT,WT,WT,WT,WT,WT,WT,WT,WT,WT,WT,WT,WT,WT,WT,WT
P66287-11E-Run1_S24_L002,MUT,MUT,MUT,WT,WT,WT,MUT,MUT,MUT,MUT,MUT,MUT,WT,MUT,WT,WT,WT,WT,WT,WT,WT,WT,WT,WT,WT,WT,WT,WT,WT,WT,MUT,WT,WT
P66507-03H-Run1_S30_L002,NO_IF,NO_IF,NO_IF,NO_IF,NO_IF,NO_IF,NO_IF,NO_IF,NO_IF,NO_IF,NO_IF,NO_IF,NO_IF,NO_IF,NO_IF,NO_IF,NO_IF,NO_IF,NO_IF,NO_IF,NO_IF,NO_IF,NO_IF,NO_IF,NO_IF,NO_IF,NO_IF,NO_IF,NO_IF,NO_IF,NO_IF,NO_IF,NO_IF
EA639120,NO_IF,NO_IF,NO_IF,NO_IF,NO_IF,NO_IF,NO_IF,NO_IF,NO_IF,NO_IF,NO_IF,NO_IF,NO_IF,NO_IF,NO_IF,NO_IF,NO_IF,NO_IF,NO_IF,NO_IF,NO_IF,NO_IF,NO_IF,NO_IF,NO_IF,NO_IF,NO_IF,NO_IF,NO_IF,NO_IF,NO_IF,NO_IF,NO_IF
P66511-10G-Run1_S4_L001,MUT,MUT,MUT,MUT,WT,WT,WT,MUT,WT,WT,MUT,WT,WT,WT,WT,WT,WT,WT,MUT,WT,WT,WT,WT,WT,WT,WT,WT,WT,MUT,WT,MUT,WT,WT
P66451-08A-Run1_S21_L002,MUT,MUT,MUT,WT,WT,WT,MUT,MUT,WT,WT,MUT,WT,WT,WT,WT,WT,WT,WT,WT,WT,WT,WT,WT,WT,WT,WT,WT,WT,WT,WT,WT,WT,WT
EA639131,NO_IF,NO_IF,NO_IF,NO_IF,NO_IF,NO_IF,NO_IF,NO_IF,NO_IF,NO_IF,NO_IF,NO_IF,NO_IF,NO_IF,NO_IF,NO_IF,NO_IF,NO_IF,NO_IF,NO_IF,NO_IF,NO_IF,NO_IF,NO_IF,NO_IF,NO_IF,NO_IF,NO_IF,NO_IF,NO_IF,NO_IF,NO_IF,NO_IF
P66451-04F-Run1_S6_L001,NO_IF,NO_IF,NO_IF,NO_IF,NO_IF,NO_IF,NO_IF,NO_IF,NO_IF,NO_IF,NO_IF,NO_IF,NO_IF,NO_IF,NO_IF,NO_IF,NO_IF,NO_IF,NO_IF,NO_IF,NO_IF,NO_IF,NO_IF,NO_IF,NO_IF,NO_IF,NO_IF,NO_IF,NO_IF,NO_IF,NO_IF,NO_IF,NO_IF
P66451-08G-Run1_S25_L002,MUT,MUT,MUT,MUT,MUT,MUT,MUT,MUT,WT,WT,MUT,WT,WT,WT,WT,MUT,WT,WT,WT,WT,WT,WT,WT,WT,WT,WT,WT,WT,WT,WT,MUT,WT,WT
P66282-09A-Run1_S8_L001,MUT,MUT,MUT,WT,WT,WT,WT,WT,WT,WT,WT,WT,WT,WT,WT,WT,WT,WT,MUT,WT,WT,WT,WT,WT,WT,WT,WT,WT,WT,WT,MUT,WT,WT
P66432-11D-Run1_S8_L001,NO_IF,NO_IF,NO_IF,NO_IF,NO_IF,NO_IF,NO_IF,NO_IF,NO_IF,NO_IF,NO_IF,NO_IF,NO_IF,NO_IF,NO_IF,NO_IF,NO_IF,NO_IF,NO_IF,NO_IF,NO_IF,NO_IF,NO_IF,NO_IF,NO_IF,NO_IF,NO_IF,NO_IF,NO_IF,NO_IF,NO_IF,NO_IF,NO_IF
P66432-07D-Run1_S19_L002,WT,WT,MUT,WT,WT,WT,WT,WT,WT,WT,WT,WT,WT,WT,WT,WT,WT,WT,WT,WT,WT,WT,WT,WT,WT,WT,WT,WT,WT,WT,WT,WT,WT
EA595529,WT,WT,MUT,MUT,WT,WT,MUT,MUT,WT,WT,MUT,WT,WT,WT,WT,WT,WT,WT,WT,WT,WT,WT,WT,WT,WT,WT,WT,WT,WT,WT,WT,WT,WT
P66291-10C-Run1_S18_L002,NO_IF,NO_IF,NO_IF,NO_IF,NO_IF,NO_IF,NO_IF,NO_IF,NO_IF,NO_IF,NO_IF,WT,WT,WT,WT,WT,WT,WT,WT,WT,WT,WT,WT,WT,WT,WT,WT,WT,WT,WT,MUT,WT,WT
EA595597,NO_IF,NO_IF,NO_IF,NO_IF,NO_IF,NO_IF,NO_IF,NO_IF,NO_IF,NO_IF,NO_IF,WT,WT,WT,WT,WT,WT,WT,WT,WT,WT,WT,WT,WT,WT,WT,WT,WT,WT,WT,WT,WT,WT
P66282-03A-Run1_S9_L001,NO_IF,NO_IF,NO_IF,NO_IF,NO_IF,NO_IF,NO_IF,NO_IF,NO_IF,NO_IF,NO_IF,NO_IF,NO_IF,NO_IF,NO_IF,NO_IF,NO_IF,NO_IF,NO_IF,NO_IF,NO_IF,NO_IF,NO_IF,NO_IF,NO_IF,NO_IF,NO_IF,NO_IF,NO_IF,NO_IF,NO_IF,NO_IF,NO_IF
P66291-10G-Run1_S20_L002,MUT,MUT,MUT,MUT,MUT,MUT,MUT,MUT,MUT,MUT,MUT,WT,WT,WT,WT,WT,WT,WT,MUT,WT,WT,WT,WT,WT,WT,WT,WT,WT,WT,WT,MUT,WT,WT
P66291-01A-Run1_S1_L001,MUT,MUT,MUT,WT,WT,WT,WT,WT,MUT,MUT,WT,WT,WT,WT,WT,WT,WT,WT,WT,WT,WT,WT,WT,MUT,WT,WT,WT,WT,WT,WT,WT,WT,WT
P66451-06A-Run1_S10_L001,NO_IF,NO_IF,NO_IF,NO_IF,NO_IF,NO_IF,NO_IF,NO_IF,NO_IF,NO_IF,NO_IF,NO_IF,NO_IF,NO_IF,NO_IF,NO_IF,NO_IF,NO_IF,NO_IF,NO_IF,NO_IF,NO_IF,NO_IF,NO_IF,NO_IF,NO_IF,NO_IF,NO_IF,NO_IF,NO_IF,NO_IF,NO_IF,NO_IF
P66451-02B-Run1_S21_L002,WT,WT,MUT,WT,WT,WT,MUT,MUT,MUT,MUT,MUT,WT,WT,WT,WT,WT,WT,WT,WT,WT,WT,WT,WT,WT,WT,WT,WT,WT,WT,WT,MUT,WT,WT
P66507-02B-Run1_S23_L002,MUT,MUT,MUT,WT,WT,WT,MUT,MUT,WT,MUT,MUT,WT,WT,WT,WT,WT,WT,WT,MUT,WT,WT,WT,WT,MUT,WT,WT,WT,WT,WT,WT,WT,WT,WT
P66291-05H-Run1_S23_L002,MUT,MUT,MUT,WT,WT,WT,MUT,MUT,WT,WT,WT,WT,WT,WT,WT,WT,WT,MUT,WT,WT,WT,WT,WT,WT,WT,WT,WT,WT,WT,WT,WT,WT,WT
EA647824,NO_IF,NO_IF,NO_IF,NO_IF,NO_IF,NO_IF,NO_IF,NO_IF,NO_IF,NO_IF,NO_IF,NO_IF,NO_IF,NO_IF,NO_IF,NO_IF,NO_IF,NO_IF,NO_IF,NO_IF,NO_IF,NO_IF,NO_IF,NO_IF,NO_IF,NO_IF,NO_IF,NO_IF,NO_IF,NO_IF,NO_IF,NO_IF,NO_IF
EA647829,WT,WT,MUT,WT,WT,WT,MUT,MUT,WT,WT,MUT,WT,WT,WT,WT,WT,WT,WT,WT,WT,WT,WT,WT,WT,WT,WT,WT,WT,WT,WT,WT,WT,WT
P66287-01D-Run1_S1_L001,NO_IF,NO_IF,NO_IF,NO_IF,NO_IF,NO_IF,NO_IF,NO_IF,NO_IF,NO_IF,NO_IF,NO_IF,NO_IF,NO_IF,NO_IF,NO_IF,NO_IF,NO_IF,NO_IF,NO_IF,NO_IF,NO_IF,NO_IF,NO_IF,NO_IF,NO_IF,NO_IF,NO_IF,NO_IF,NO_IF,NO_IF,NO_IF,NO_IF
P66291-11E-Run1_S23_L002,MUT,MUT,MUT,MUT,MUT,MUT,MUT,MUT,WT,WT,MUT,WT,WT,WT,WT,MUT,WT,WT,MUT,WT,WT,WT,WT,WT,WT,WT,WT,WT,WT,WT,MUT,WT,WT
P66425-09G-Run1_S13_L001,WT,WT,WT,WT,WT,WT,MUT,MUT,MUT,MUT,WT,WT,WT,WT,WT,WT,WT,WT,MUT,WT,WT,MUT,WT,WT,WT,WT,WT,WT,WT,WT,MUT,WT,WT
P66511-01E-Run1_S17_L002,MUT,MUT,MUT,MUT,MUT,MUT,MUT,MUT,WT,WT,MUT,WT,WT,WT,WT,MUT,WT,WT,WT,WT,WT,WT,WT,WT,WT,WT,WT,WT,WT,WT,WT,WT,WT
P66282-07G-Run1_S3_L001,MUT,MUT,MUT,WT,WT,WT,WT,WT,WT,WT,MUT,WT,WT,WT,WT,MUT,WT,WT,WT,WT,WT,WT,WT,WT,WT,WT,WT,WT,WT,WT,WT,WT,WT
EA632768,WT,WT,MUT,WT,WT,WT,MUT,MUT,WT,WT,MUT,WT,WT,WT,WT,WT,WT,WT,MUT,WT,WT,WT,WT,MUT,WT,WT,WT,WT,MUT,WT,MUT,WT,WT
P66507-10B-Run1_S2_L001,MUT,MUT,MUT,WT,WT,WT,MUT,MUT,WT,WT,MUT,WT,WT,WT,WT,WT,WT,WT,WT,WT,WT,WT,WT,WT,WT,WT,WT,WT,WT,WT,MUT,WT,WT
P66507-10C-Run1_S3_L001,WT,WT,MUT,WT,WT,WT,MUT,MUT,WT,WT,MUT,WT,WT,MUT,WT,WT,WT,WT,MUT,WT,WT,WT,WT,WT,WT,WT,WT,WT,WT,WT,MUT,WT,WT
EA639104,NO_IF,NO_IF,NO_IF,NO_IF,NO_IF,NO_IF,NO_IF,NO_IF,NO_IF,NO_IF,NO_IF,WT,WT,WT,WT,WT,WT,WT,WT,WT,WT,WT,WT,WT,WT,WT,WT,WT,WT,WT,WT,WT,WT
EA639107,MUT,MUT,MUT,WT,WT,WT,MUT,MUT,MUT,MUT,MUT,WT,WT,WT,WT,WT,WT,WT,WT,WT,WT,WT,WT,WT,WT,WT,WT,WT,WT,WT,WT,WT,MUT
EA639109,WT,WT,MUT,WT,WT,MUT,WT,WT,WT,WT,MUT,WT,WT,MUT,WT,WT,WT,WT,MUT,WT,WT,WT,WT,MUT,WT,WT,WT,WT,WT,WT,WT,WT,WT
P66511-07G-Run1_S18_L002,MUT,MUT,MUT,WT,WT,WT,MUT,MUT,WT,WT,MUT,WT,WT,WT,WT,MUT,WT,WT,MUT,WT,WT,WT,WT,WT,WT,WT,WT,WT,WT,WT,WT,WT,WT
EA595500,MUT,MUT,MUT,WT,WT,WT,MUT,MUT,WT,MUT,MUT,WT,WT,WT,WT,WT,WT,WT,MUT,WT,WT,WT,WT,WT,WT,WT,WT,WT,WT,WT,WT,WT,WT
P66291-01H-Run1_S5_L001,NO_IF,NO_IF,NO_IF,NO_IF,NO_IF,NO_IF,NO_IF,NO_IF,NO_IF,NO_IF,NO_IF,NO_IF,NO_IF,NO_IF,NO_IF,NO_IF,NO_IF,NO_IF,NO_IF,NO_IF,NO_IF,NO_IF,NO_IF,NO_IF,NO_IF,NO_IF,NO_IF,NO_IF,NO_IF,NO_IF,NO_IF,NO_IF,NO_IF
P66511-08E-Run1_S22_L002,NO_IF,NO_IF,NO_IF,NO_IF,NO_IF,NO_IF,NO_IF,NO_IF,NO_IF,NO_IF,NO_IF,NO_IF,NO_IF,NO_IF,NO_IF,NO_IF,NO_IF,NO_IF,NO_IF,NO_IF,NO_IF,NO_IF,NO_IF,NO_IF,NO_IF,NO_IF,NO_IF,NO_IF,NO_IF,NO_IF,NO_IF,NO_IF,NO_IF
P66425-10B-Run1_S14_L001,WT,WT,MUT,WT,WT,WT,MUT,MUT,WT,WT,WT,WT,WT,WT,WT,MUT,WT,WT,WT,WT,WT,WT,WT,WT,WT,WT,WT,WT,WT,WT,WT,WT,WT
P66507-08H-Run1_S24_L002,NO_IF,NO_IF,NO_IF,NO_IF,NO_IF,NO_IF,NO_IF,NO_IF,NO_IF,NO_IF,NO_IF,NO_IF,NO_IF,NO_IF,NO_IF,NO_IF,NO_IF,NO_IF,NO_IF,NO_IF,NO_IF,NO_IF,NO_IF,NO_IF,NO_IF,NO_IF,NO_IF,NO_IF,NO_IF,NO_IF,NO_IF,NO_IF,NO_IF
P66425-03D-Run1_S11_L001,MUT,MUT,MUT,WT,WT,WT,MUT,MUT,WT,WT,WT,WT,WT,WT,WT,WT,WT,MUT,MUT,WT,WT,WT,WT,WT,WT,WT,WT,WT,WT,WT,MUT,WT,WT
EA632802,MUT,MUT,MUT,WT,MUT,MUT,MUT,MUT,MUT,MUT,MUT,WT,WT,WT,WT,MUT,WT,WT,WT,WT,WT,MUT,WT,MUT,WT,WT,WT,WT,WT,WT,WT,WT,WT
P66451-05G-Run1_S9_L001,WT,WT,WT,WT,WT,WT,WT,WT,WT,WT,WT,WT,WT,WT,WT,WT,WT,WT,WT,WT,WT,WT,WT,WT,WT,WT,WT,WT,WT,WT,WT,WT,WT
P66511-04B-Run1_S2_L001,NO_IF,NO_IF,NO_IF,NO_IF,NO_IF,NO_IF,NO_IF,NO_IF,NO_IF,NO_IF,NO_IF,NO_IF,NO_IF,NO_IF,NO_IF,NO_IF,NO_IF,NO_IF,NO_IF,NO_IF,NO_IF,NO_IF,NO_IF,NO_IF,NO_IF,NO_IF,NO_IF,NO_IF,NO_IF,NO_IF,NO_IF,NO_IF,NO_IF
EA595455,MUT,MUT,MUT,MUT,MUT,MUT,MUT,MUT,WT,WT,MUT,WT,WT,WT,WT,WT,WT,WT,WT,WT,WT,WT,WT,WT,WT,WT,WT,WT,WT,WT,MUT,WT,WT
P66432-01D-Run1_S17_L002,MUT,MUT,MUT,WT,WT,WT,WT,WT,WT,WT,WT,WT,WT,WT,WT,WT,WT,WT,MUT,WT,WT,WT,WT,WT,WT,WT,WT,WT,WT,WT,MUT,WT,WT
EA595661,MUT,MUT,MUT,MUT,MUT,MUT,MUT,MUT,WT,WT,MUT,WT,WT,WT,WT,WT,WT,WT,WT,WT,WT,WT,WT,WT,WT,WT,WT,WT,WT,WT,WT,WT,WT
P66291-07E-Run1_S3_L001,MUT,MUT,MUT,MUT,MUT,MUT,MUT,MUT,MUT,MUT,MUT,WT,WT,WT,WT,WT,WT,WT,WT,WT,WT,WT,WT,MUT,WT,WT,WT,WT,WT,WT,MUT,WT,WT
P66291-07H-Run1_S5_L001,MUT,MUT,MUT,WT,WT,WT,MUT,MUT,MUT,MUT,MUT,WT,WT,WT,WT,WT,WT,WT,WT,WT,WT,WT,WT,MUT,WT,WT,WT,WT,WT,WT,WT,WT,WT
P66291-07D-Run1_S2_L001,MUT,MUT,MUT,WT,WT,WT,WT,WT,WT,WT,WT,WT,WT,WT,WT,WT,WT,WT,MUT,WT,WT,WT,WT,WT,WT,WT,WT,WT,WT,WT,MUT,WT,WT
EA595628,NO_IF,NO_IF,NO_IF,NO_IF,NO_IF,NO_IF,NO_IF,NO_IF,NO_IF,NO_IF,NO_IF,WT,WT,MUT,WT,WT,WT,WT,WT,WT,WT,WT,WT,WT,WT,WT,WT,WT,WT,WT,WT,WT,WT
P66291-11F-Run1_S24_L002,WT,WT,MUT,WT,WT,WT,WT,WT,MUT,MUT,WT,MUT,WT,WT,WT,WT,WT,WT,WT,WT,WT,WT,WT,WT,WT,WT,WT,WT,WT,WT,WT,WT,WT
P66451-04A-Run1_S2_L001,MUT,MUT,MUT,WT,WT,WT,WT,WT,WT,MUT,WT,WT,WT,WT,WT,WT,WT,WT,WT,WT,WT,WT,WT,WT,WT,WT,WT,WT,WT,WT,WT,WT,WT
P66432-07A-Run1_S16_L002,WT,WT,MUT,WT,WT,WT,WT,WT,WT,WT,WT,WT,WT,WT,WT,WT,WT,WT,WT,WT,WT,WT,WT,WT,WT,WT,WT,WT,WT,WT,WT,WT,WT
P66291-06G-Run1_S29_L002,NO_IF,NO_IF,NO_IF,NO_IF,NO_IF,NO_IF,NO_IF,NO_IF,NO_IF,NO_IF,NO_IF,NO_IF,NO_IF,NO_IF,NO_IF,NO_IF,NO_IF,NO_IF,NO_IF,NO_IF,NO_IF,NO_IF,NO_IF,NO_IF,NO_IF,NO_IF,NO_IF,NO_IF,NO_IF,NO_IF,NO_IF,NO_IF,NO_IF
P66282-12A-Run1_S22_L002,WT,WT,MUT,WT,WT,WT,MUT,MUT,WT,WT,MUT,WT,WT,MUT,WT,WT,WT,WT,WT,WT,WT,WT,WT,WT,WT,WT,WT,WT,WT,WT,MUT,WT,WT
P66425-06F-Run1_S29_L002,NO_IF,NO_IF,NO_IF,NO_IF,NO_IF,NO_IF,NO_IF,NO_IF,NO_IF,NO_IF,NO_IF,NO_IF,NO_IF,NO_IF,NO_IF,NO_IF,NO_IF,NO_IF,NO_IF,NO_IF,NO_IF,NO_IF,NO_IF,NO_IF,NO_IF,NO_IF,NO_IF,NO_IF,NO_IF,NO_IF,NO_IF,NO_IF,NO_IF
P66432-02B-Run1_S21_L002,MUT,MUT,MUT,MUT,MUT,MUT,WT,WT,WT,WT,MUT,WT,WT,WT,WT,WT,WT,WT,WT,WT,WT,WT,WT,WT,WT,WT,WT,WT,WT,WT,MUT,WT,WT
EA595565,NO_IF,NO_IF,NO_IF,NO_IF,NO_IF,NO_IF,NO_IF,NO_IF,NO_IF,NO_IF,NO_IF,NO_IF,NO_IF,NO_IF,NO_IF,NO_IF,NO_IF,NO_IF,NO_IF,NO_IF,NO_IF,NO_IF,NO_IF,NO_IF,NO_IF,NO_IF,NO_IF,NO_IF,NO_IF,NO_IF,NO_IF,NO_IF,NO_IF
P66425-04C-Run1_S18_L002,NO_IF,NO_IF,NO_IF,NO_IF,NO_IF,NO_IF,NO_IF,NO_IF,NO_IF,NO_IF,NO_IF,NO_IF,NO_IF,NO_IF,NO_IF,NO_IF,NO_IF,NO_IF,NO_IF,NO_IF,NO_IF,NO_IF,NO_IF,NO_IF,NO_IF,NO_IF,NO_IF,NO_IF,NO_IF,NO_IF,NO_IF,NO_IF,NO_IF
P66425-02B-Run1_S4_L001,WT,WT,MUT,WT,WT,WT,WT,WT,WT,WT,WT,WT,WT,WT,WT,WT,WT,WT,WT,WT,WT,WT,WT,MUT,WT,WT,WT,WT,WT,WT,MUT,WT,WT
P66282-11B-Run1_S16_L002,NO_IF,NO_IF,NO_IF,NO_IF,NO_IF,NO_IF,NO_IF,NO_IF,NO_IF,NO_IF,NO_IF,WT,WT,WT,WT,WT,WT,WT,WT,WT,WT,WT,WT,WT,WT,WT,WT,WT,WT,WT,WT,WT,WT
P66282-05G-Run1_S23_L002,NO_IF,NO_IF,NO_IF,NO_IF,NO_IF,NO_IF,NO_IF,NO_IF,NO_IF,NO_IF,NO_IF,NO_IF,NO_IF,NO_IF,NO_IF,NO_IF,NO_IF,NO_IF,NO_IF,NO_IF,NO_IF,NO_IF,NO_IF,NO_IF,NO_IF,NO_IF,NO_IF,NO_IF,NO_IF,NO_IF,NO_IF,NO_IF,NO_IF
P66282-01B-Run1_S1_L001,MUT,MUT,MUT,MUT,MUT,MUT,MUT,MUT,MUT,MUT,MUT,WT,WT,WT,WT,MUT,WT,WT,WT,WT,WT,WT,WT,WT,WT,WT,WT,WT,WT,WT,MUT,WT,WT
EA595564,NO_IF,NO_IF,NO_IF,NO_IF,NO_IF,NO_IF,NO_IF,NO_IF,NO_IF,NO_IF,NO_IF,WT,WT,WT,WT,WT,WT,WT,WT,WT,WT,WT,WT,WT,WT,WT,WT,WT,WT,WT,WT,WT,WT
EA595522,MUT,MUT,MUT,WT,WT,WT,WT,WT,WT,WT,MUT,WT,WT,WT,WT,WT,WT,WT,MUT,WT,WT,WT,WT,MUT,WT,WT,WT,WT,WT,WT,WT,WT,WT
P66291-08G-Run1_S8_L001,MUT,MUT,MUT,MUT,MUT,MUT,MUT,MUT,MUT,MUT,MUT,WT,WT,WT,WT,WT,WT,WT,WT,WT,WT,WT,WT,MUT,WT,WT,WT,WT,WT,WT,MUT,WT,WT
EA639018,NO_IF,NO_IF,NO_IF,NO_IF,NO_IF,NO_IF,NO_IF,NO_IF,NO_IF,NO_IF,NO_IF,NO_IF,NO_IF,NO_IF,NO_IF,NO_IF,NO_IF,NO_IF,NO_IF,NO_IF,NO_IF,NO_IF,NO_IF,NO_IF,NO_IF,NO_IF,NO_IF,NO_IF,NO_IF,NO_IF,NO_IF,NO_IF,NO_IF
P66287-05E-Run1_S24_L002,NO_IF,NO_IF,NO_IF,NO_IF,NO_IF,NO_IF,NO_IF,NO_IF,NO_IF,NO_IF,NO_IF,NO_IF,NO_IF,NO_IF,NO_IF,NO_IF,NO_IF,NO_IF,NO_IF,NO_IF,NO_IF,NO_IF,NO_IF,NO_IF,NO_IF,NO_IF,NO_IF,NO_IF,NO_IF,NO_IF,NO_IF,NO_IF,NO_IF
P66282-01H-Run1_S4_L001,MUT,MUT,MUT,WT,WT,WT,WT,WT,WT,WT,WT,WT,WT,WT,WT,WT,WT,WT,MUT,WT,WT,WT,WT,WT,WT,WT,WT,WT,WT,WT,WT,WT,WT
P66291-07B-Run1_S17_L002,MUT,MUT,MUT,WT,WT,WT,WT,WT,WT,WT,WT,WT,WT,WT,WT,WT,WT,WT,WT,WT,WT,WT,WT,WT,WT,WT,WT,WT,WT,WT,MUT,WT,WT
P66282-07F-Run1_S2_L001,WT,WT,MUT,WT,WT,WT,MUT,MUT,WT,WT,MUT,WT,WT,MUT,WT,WT,WT,WT,WT,WT,WT,WT,WT,WT,WT,WT,WT,WT,WT,WT,WT,WT,WT
P66291-10E-Run1_S19_L002,WT,WT,MUT,WT,WT,WT,MUT,MUT,MUT,WT,WT,WT,WT,WT,WT,WT,WT,WT,MUT,WT,WT,MUT,WT,MUT,WT,WT,WT,WT,WT,WT,WT,WT,WT
P66287-09C-Run1_S12_L001,MUT,MUT,MUT,WT,WT,WT,MUT,MUT,WT,WT,MUT,WT,WT,WT,WT,WT,WT,MUT,WT,WT,WT,WT,WT,WT,WT,WT,WT,WT,WT,WT,WT,WT,WT
EA595635,NO_IF,NO_IF,NO_IF,NO_IF,NO_IF,NO_IF,NO_IF,NO_IF,NO_IF,NO_IF,NO_IF,NO_IF,NO_IF,NO_IF,NO_IF,NO_IF,NO_IF,NO_IF,NO_IF,NO_IF,NO_IF,NO_IF,NO_IF,NO_IF,NO_IF,NO_IF,NO_IF,NO_IF,NO_IF,NO_IF,NO_IF,NO_IF,NO_IF
EA595650,WT,WT,WT,MUT,MUT,MUT,WT,MUT,MUT,MUT,MUT,WT,WT,WT,WT,WT,WT,WT,WT,WT,WT,WT,WT,WT,WT,WT,MUT,WT,WT,WT,WT,WT,WT
EA595621,NO_IF,NO_IF,NO_IF,NO_IF,NO_IF,NO_IF,NO_IF,NO_IF,NO_IF,NO_IF,NO_IF,NO_IF,NO_IF,NO_IF,NO_IF,NO_IF,NO_IF,NO_IF,NO_IF,NO_IF,NO_IF,NO_IF,NO_IF,NO_IF,NO_IF,NO_IF,NO_IF,NO_IF,NO_IF,NO_IF,NO_IF,NO_IF,NO_IF
P66287-07G-Run1_S4_L001,MUT,MUT,MUT,WT,WT,WT,MUT,MUT,WT,WT,WT,WT,WT,WT,WT,WT,WT,WT,WT,WT,WT,WT,WT,MUT,WT,WT,WT,WT,WT,WT,MUT,WT,WT
P66291-02E-Run1_S7_L001,NO_IF,NO_IF,NO_IF,NO_IF,NO_IF,NO_IF,NO_IF,NO_IF,NO_IF,NO_IF,NO_IF,NO_IF,NO_IF,NO_IF,NO_IF,NO_IF,NO_IF,NO_IF,NO_IF,NO_IF,NO_IF,NO_IF,NO_IF,NO_IF,NO_IF,NO_IF,NO_IF,NO_IF,NO_IF,NO_IF,NO_IF,NO_IF,NO_IF
EA595654,NO_IF,NO_IF,NO_IF,NO_IF,NO_IF,NO_IF,NO_IF,NO_IF,NO_IF,NO_IF,NO_IF,NO_IF,NO_IF,NO_IF,NO_IF,NO_IF,NO_IF,NO_IF,NO_IF,NO_IF,NO_IF,NO_IF,NO_IF,NO_IF,NO_IF,NO_IF,NO_IF,NO_IF,NO_IF,NO_IF,NO_IF,NO_IF,NO_IF
P66282-04A-Run1_S14_L002,NO_IF,NO_IF,NO_IF,NO_IF,NO_IF,NO_IF,NO_IF,NO_IF,NO_IF,NO_IF,NO_IF,NO_IF,NO_IF,NO_IF,NO_IF,NO_IF,NO_IF,NO_IF,NO_IF,NO_IF,NO_IF,NO_IF,NO_IF,NO_IF,NO_IF,NO_IF,NO_IF,NO_IF,NO_IF,NO_IF,NO_IF,NO_IF,NO_IF
EA595624,MUT,MUT,MUT,WT,WT,WT,WT,WT,WT,WT,MUT,WT,WT,WT,WT,WT,WT,WT,MUT,WT,WT,WT,WT,WT,WT,WT,WT,WT,WT,WT,WT,WT,WT
EA595454,MUT,MUT,MUT,WT,WT,MUT,MUT,MUT,WT,MUT,MUT,WT,WT,WT,WT,WT,WT,WT,WT,WT,WT,WT,WT,MUT,WT,WT,WT,WT,WT,WT,WT,WT,WT
P66291-09D-Run1_S11_L001,MUT,MUT,MUT,MUT,MUT,MUT,MUT,MUT,MUT,MUT,MUT,WT,WT,WT,WT,WT,WT,WT,WT,WT,WT,WT,WT,MUT,WT,WT,WT,WT,WT,WT,MUT,WT,WT
EA632234,WT,WT,WT,WT,WT,WT,WT,WT,WT,WT,MUT,WT,WT,WT,WT,WT,WT,MUT,WT,WT,WT,WT,WT,WT,WT,WT,WT,WT,WT,WT,WT,WT,WT
P66282-11A-Run1_S15_L002,MUT,MUT,MUT,MUT,MUT,MUT,MUT,MUT,MUT,MUT,WT,WT,WT,WT,WT,WT,WT,WT,MUT,WT,WT,WT,WT,MUT,WT,WT,WT,WT,WT,WT,MUT,WT,WT
P66511-07H-Run1_S19_L002,NO_IF,NO_IF,NO_IF,NO_IF,NO_IF,NO_IF,NO_IF,NO_IF,NO_IF,NO_IF,NO_IF,NO_IF,NO_IF,NO_IF,NO_IF,NO_IF,NO_IF,NO_IF,NO_IF,NO_IF,NO_IF,NO_IF,NO_IF,NO_IF,NO_IF,NO_IF,NO_IF,NO_IF,NO_IF,NO_IF,NO_IF,NO_IF,NO_IF
EA647826,WT,WT,MUT,WT,WT,WT,MUT,MUT,MUT,MUT,MUT,WT,WT,MUT,WT,WT,WT,WT,MUT,WT,WT,WT,WT,MUT,WT,WT,WT,WT,WT,WT,WT,WT,WT
P66425-09F-Run1_S12_L001,WT,WT,WT,WT,WT,WT,MUT,MUT,WT,WT,WT,WT,WT,WT,WT,WT,WT,WT,WT,WT,WT,WT,WT,WT,WT,WT,WT,WT,WT,WT,WT,WT,WT
P66451-07A-Run1_S15_L002,WT,WT,MUT,WT,WT,WT,MUT,MUT,WT,MUT,MUT,WT,WT,MUT,WT,WT,WT,WT,WT,WT,WT,WT,WT,WT,WT,WT,WT,WT,WT,WT,MUT,WT,WT
P66511-09G-Run1_S31_L002,WT,WT,MUT,MUT,MUT,MUT,MUT,MUT,MUT,MUT,WT,WT,WT,WT,WT,WT,WT,WT,MUT,WT,WT,WT,WT,WT,WT,WT,WT,WT,WT,WT,MUT,WT,WT
P66511-06F-Run1_S15_L001,NO_IF,NO_IF,NO_IF,NO_IF,NO_IF,NO_IF,NO_IF,NO_IF,NO_IF,NO_IF,NO_IF,NO_IF,NO_IF,NO_IF,NO_IF,NO_IF,NO_IF,NO_IF,NO_IF,NO_IF,NO_IF,NO_IF,NO_IF,NO_IF,NO_IF,NO_IF,NO_IF,NO_IF,NO_IF,NO_IF,NO_IF,NO_IF,NO_IF
P66287-02A-Run1_S5_L001,NO_IF,NO_IF,NO_IF,NO_IF,NO_IF,NO_IF,NO_IF,NO_IF,NO_IF,NO_IF,NO_IF,NO_IF,NO_IF,NO_IF,NO_IF,NO_IF,NO_IF,NO_IF,NO_IF,NO_IF,NO_IF,NO_IF,NO_IF,NO_IF,NO_IF,NO_IF,NO_IF,NO_IF,NO_IF,NO_IF,NO_IF,NO_IF,NO_IF
P66282-09E-Run1_S10_L001,MUT,MUT,MUT,WT,WT,WT,WT,WT,WT,WT,WT,WT,WT,WT,WT,WT,WT,WT,WT,WT,WT,WT,WT,WT,WT,WT,WT,WT,WT,WT,WT,WT,WT
P66282-04E-Run1_S18_L002,WT,WT,MUT,WT,WT,WT,MUT,MUT,WT,WT,WT,WT,WT,MUT,WT,WT,WT,WT,WT,WT,WT,WT,WT,WT,WT,WT,WT,WT,WT,WT,WT,WT,WT
P66282-03D-Run1_S11_L001,MUT,MUT,MUT,WT,WT,WT,MUT,MUT,WT,WT,MUT,WT,WT,MUT,WT,WT,WT,WT,WT,WT,WT,WT,WT,WT,WT,WT,WT,WT,WT,WT,MUT,WT,WT
P66282-03F-Run1_S12_L001,MUT,MUT,MUT,MUT,MUT,MUT,MUT,MUT,MUT,MUT,MUT,WT,WT,WT,WT,WT,WT,WT,WT,WT,WT,WT,WT,WT,WT,WT,WT,WT,WT,WT,WT,WT,WT
P66282-02E-Run1_S6_L001,MUT,MUT,MUT,WT,WT,WT,MUT,MUT,MUT,MUT,WT,WT,WT,WT,WT,WT,WT,WT,WT,WT,WT,WT,WT,WT,WT,WT,WT,WT,WT,WT,WT,WT,WT
P66282-06B-Run1_S17_L002,WT,WT,MUT,WT,WT,WT,MUT,MUT,MUT,MUT,MUT,WT,WT,WT,WT,WT,WT,MUT,WT,WT,WT,WT,WT,WT,WT,WT,WT,WT,WT,WT,MUT,WT,WT
EA595653,MUT,MUT,MUT,WT,WT,WT,WT,WT,WT,WT,WT,WT,WT,WT,WT,WT,WT,WT,WT,WT,WT,WT,WT,WT,WT,WT,WT,WT,WT,WT,WT,WT,WT
P66287-11B-Run1_S21_L002,NO_IF,NO_IF,NO_IF,NO_IF,NO_IF,NO_IF,NO_IF,NO_IF,NO_IF,NO_IF,NO_IF,NO_IF,NO_IF,NO_IF,NO_IF,NO_IF,NO_IF,NO_IF,NO_IF,NO_IF,NO_IF,NO_IF,NO_IF,NO_IF,NO_IF,NO_IF,NO_IF,NO_IF,NO_IF,NO_IF,NO_IF,NO_IF,NO_IF
P66287-08B-Run1_S7_L001,MUT,MUT,MUT,MUT,MUT,MUT,MUT,MUT,WT,WT,MUT,WT,WT,WT,WT,WT,WT,WT,WT,WT,WT,WT,WT,MUT,WT,WT,WT,WT,WT,WT,WT,WT,WT
EA595473,MUT,MUT,MUT,WT,WT,WT,MUT,MUT,WT,WT,MUT,WT,WT,MUT,WT,WT,WT,WT,WT,WT,WT,WT,WT,WT,WT,WT,WT,WT,WT,WT,WT,WT,WT
P66287-01A-Run1_S16_L002,MUT,MUT,MUT,WT,WT,WT,WT,WT,WT,WT,MUT,WT,WT,MUT,WT,WT,WT,WT,WT,WT,WT,WT,WT,WT,WT,WT,WT,WT,WT,WT,MUT,WT,WT
EA632744,MUT,MUT,MUT,WT,WT,WT,WT,WT,WT,WT,MUT,WT,WT,MUT,WT,WT,WT,WT,WT,WT,WT,WT,WT,WT,WT,WT,WT,WT,WT,WT,WT,WT,WT
P66425-11F-Run1_S14_L002,WT,WT,MUT,MUT,MUT,MUT,MUT,MUT,WT,WT,MUT,WT,WT,WT,WT,WT,WT,WT,WT,WT,WT,WT,WT,WT,WT,WT,WT,WT,WT,WT,WT,WT,WT
P66511-05F-Run1_S12_L001,MUT,MUT,MUT,MUT,MUT,MUT,MUT,MUT,WT,WT,WT,WT,WT,WT,WT,WT,WT,WT,MUT,WT,WT,MUT,WT,WT,WT,WT,WT,WT,WT,WT,MUT,WT,WT
EA639040,MUT,MUT,MUT,WT,WT,WT,WT,WT,MUT,MUT,MUT,WT,WT,WT,WT,MUT,WT,WT,WT,WT,WT,WT,WT,WT,WT,WT,WT,WT,WT,WT,WT,WT,WT
P66507-04D-Run1_S3_L001,MUT,MUT,MUT,MUT,MUT,MUT,MUT,MUT,MUT,MUT,WT,WT,WT,WT,WT,WT,WT,WT,MUT,WT,WT,WT,WT,MUT,WT,WT,WT,WT,WT,WT,WT,WT,WT
P66511-01B-Run1_S15_L002,MUT,MUT,MUT,WT,WT,WT,MUT,MUT,WT,WT,WT,MUT,WT,WT,WT,WT,WT,WT,WT,WT,WT,WT,WT,WT,WT,WT,WT,WT,WT,WT,MUT,WT,WT
P66507-07G-Run1_S17_L002,WT,MUT,MUT,MUT,MUT,MUT,MUT,MUT,MUT,MUT,MUT,WT,WT,MUT,WT,WT,WT,WT,WT,WT,WT,WT,WT,MUT,WT,WT,WT,WT,WT,WT,WT,WT,WT
P66507-06E-Run1_S12_L001,MUT,MUT,MUT,WT,WT,WT,WT,WT,MUT,MUT,WT,WT,WT,WT,WT,WT,WT,WT,WT,WT,WT,WT,WT,MUT,WT,WT,MUT,WT,WT,WT,MUT,WT,WT
P66425-05B-Run1_S21_L002,NO_IF,NO_IF,NO_IF,NO_IF,NO_IF,NO_IF,NO_IF,NO_IF,NO_IF,NO_IF,NO_IF,WT,WT,WT,WT,MUT,WT,WT,WT,WT,WT,WT,WT,WT,WT,WT,WT,WT,WT,WT,WT,WT,WT
P66425-03B-Run1_S10_L001,WT,WT,MUT,WT,WT,WT,WT,WT,MUT,MUT,WT,WT,WT,WT,WT,WT,WT,WT,MUT,WT,WT,WT,WT,MUT,WT,WT,WT,WT,WT,WT,WT,WT,WT
P66507-08F-Run1_S22_L002,NO_IF,NO_IF,NO_IF,NO_IF,NO_IF,NO_IF,NO_IF,NO_IF,NO_IF,NO_IF,NO_IF,NO_IF,NO_IF,NO_IF,NO_IF,NO_IF,NO_IF,NO_IF,NO_IF,NO_IF,NO_IF,NO_IF,NO_IF,NO_IF,NO_IF,NO_IF,NO_IF,NO_IF,NO_IF,NO_IF,NO_IF,NO_IF,NO_IF
EA639069,MUT,MUT,MUT,MUT,MUT,MUT,MUT,MUT,MUT,MUT,WT,WT,WT,WT,WT,WT,WT,WT,MUT,WT,WT,WT,WT,MUT,WT,WT,WT,WT,WT,WT,WT,WT,WT
P66282-11G-Run1_S20_L002,NO_IF,NO_IF,NO_IF,NO_IF,NO_IF,NO_IF,NO_IF,NO_IF,NO_IF,NO_IF,NO_IF,NO_IF,NO_IF,NO_IF,NO_IF,NO_IF,NO_IF,NO_IF,NO_IF,NO_IF,NO_IF,NO_IF,NO_IF,NO_IF,NO_IF,NO_IF,NO_IF,NO_IF,NO_IF,NO_IF,NO_IF,NO_IF,NO_IF
P66287-01F-Run1_S3_L001,NO_IF,NO_IF,NO_IF,NO_IF,NO_IF,NO_IF,NO_IF,NO_IF,NO_IF,NO_IF,NO_IF,WT,WT,WT,WT,WT,WT,WT,WT,WT,WT,WT,WT,WT,MUT,WT,WT,WT,WT,WT,WT,WT,WT
RCC_102_T_SCR,WT,WT,MUT,WT,WT,WT,WT,WT,WT,WT,WT,WT,WT,WT,WT,WT,WT,WT,MUT,WT,WT,WT,WT,MUT,WT,WT,WT,WT,WT,WT,WT,WT,WT
RCC_105_T_SCR,WT,WT,WT,WT,WT,WT,MUT,MUT,WT,WT,WT,WT,WT,WT,WT,WT,WT,WT,WT,WT,WT,WT,WT,WT,WT,WT,WT,WT,WT,WT,WT,WT,WT
RCC_106_T_SCR,WT,WT,MUT,WT,WT,MUT,MUT,MUT,WT,WT,MUT,WT,WT,WT,WT,WT,WT,WT,MUT,WT,WT,WT,WT,MUT,WT,WT,WT,WT,WT,WT,MUT,WT,WT
RCC_115_T_SCR,MUT,MUT,MUT,WT,WT,WT,MUT,MUT,WT,WT,MUT,WT,WT,WT,WT,WT,WT,MUT,WT,WT,WT,WT,WT,WT,WT,WT,WT,WT,WT,WT,WT,WT,WT
RCC_117_T_SCR,WT,WT,MUT,WT,WT,WT,WT,WT,WT,WT,MUT,WT,WT,WT,WT,MUT,WT,WT,MUT,WT,WT,WT,WT,WT,WT,WT,WT,WT,WT,WT,MUT,WT,WT
RCC_14_T_SCR,MUT,MUT,MUT,MUT,MUT,MUT,MUT,MUT,MUT,MUT,MUT,WT,WT,WT,WT,MUT,WT,WT,MUT,WT,WT,WT,WT,MUT,WT,WT,WT,WT,WT,WT,WT,WT,WT
RCC_18_T_SCR,MUT,MUT,MUT,MUT,MUT,MUT,MUT,MUT,MUT,MUT,MUT,WT,WT,WT,WT,WT,WT,WT,MUT,WT,WT,WT,WT,MUT,WT,WT,WT,WT,WT,WT,WT,WT,WT
RCC_21_T_SCR,WT,WT,MUT,WT,WT,WT,MUT,MUT,WT,WT,MUT,WT,WT,MUT,WT,WT,WT,WT,MUT,WT,WT,WT,WT,WT,WT,WT,WT,WT,WT,WT,WT,WT,WT
RCC_27_T_SCR,MUT,MUT,MUT,WT,WT,WT,MUT,MUT,WT,WT,MUT,WT,WT,WT,WT,WT,WT,WT,WT,WT,WT,WT,WT,WT,WT,WT,WT,WT,WT,WT,MUT,WT,WT
RCC_41_T_SCR,MUT,MUT,MUT,MUT,MUT,MUT,MUT,MUT,WT,WT,MUT,WT,WT,WT,WT,MUT,WT,WT,WT,WT,WT,WT,WT,MUT,WT,WT,WT,WT,WT,WT,WT,WT,WT
RCC_50_T_SCR,WT,WT,MUT,MUT,MUT,MUT,MUT,MUT,WT,WT,MUT,WT,WT,WT,WT,WT,WT,WT,MUT,WT,WT,WT,WT,WT,WT,WT,WT,WT,WT,WT,MUT,WT,WT
RCC_73_T_SCR,WT,WT,WT,WT,WT,MUT,MUT,MUT,WT,WT,WT,WT,WT,WT,WT,WT,WT,WT,WT,WT,WT,WT,WT,WT,WT,WT,WT,WT,WT,MUT,WT,WT,WT
RCC_90_T_SCR,MUT,MUT,MUT,MUT,MUT,MUT,MUT,MUT,WT,WT,MUT,WT,WT,WT,WT,WT,WT,WT,WT,WT,WT,WT,WT,MUT,WT,WT,WT,WT,WT,WT,WT,WT,WT
RCC_93_T_SCR,MUT,MUT,MUT,MUT,MUT,MUT,MUT,MUT,MUT,MUT,MUT,WT,WT,WT,WT,WT,WT,WT,MUT,WT,WT,WT,WT,MUT,WT,WT,WT,WT,WT,WT,WT,WT,WT
RCC_96_T_SCR,MUT,MUT,MUT,MUT,MUT,MUT,WT,MUT,MUT,MUT,MUT,WT,WT,WT,WT,WT,WT,WT,MUT,WT,WT,WT,WT,WT,WT,WT,WT,WT,WT,WT,MUT,WT,WT
RCC_99_T_SCR,MUT,MUT,MUT,WT,WT,WT,MUT,MUT,MUT,MUT,MUT,WT,WT,WT,WT,WT,WT,WT,WT,WT,WT,WT,WT,WT,WT,WT,WT,WT,WT,WT,MUT,WT,WT
